filename,label
0182729.jpg,18
1708101.jpg,18
1294490.jpg,18
0127058.jpg,18
0552041.jpg,18
1165767.jpg,18
1810723.jpg,18
2026597.jpg,18
2205728.jpg,18
1368863.jpg,18
0837880.jpg,18
1741519.jpg,18
1336856.jpg,18
1182360.jpg,18
1031445.jpg,18
2004856.jpg,18
1980188.jpg,18
0835837.jpg,18
1476102.jpg,18
2215846.jpg,18
1006793.jpg,18
0931734.jpg,18
0768173.jpg,18
0476351.jpg,18
0151672.jpg,18
2083668.jpg,18
1582400.jpg,18
1607459.jpg,18
1740623.jpg,18
1913767.jpg,18
1976400.jpg,18
0338174.jpg,18
1546804.jpg,18
1027002.jpg,18
0936086.jpg,18
1353979.jpg,18
1486631.jpg,18
2263428.jpg,18
1097302.jpg,18
1790505.jpg,18
0192189.jpg,18
1345042.jpg,18
1613179.jpg,18
0870232.jpg,18
0846642.jpg,18
0981533.jpg,18
1993167.jpg,18
0176009.jpg,18
0496773.jpg,18
0498976.jpg,18
0558247.jpg,18
1521848.jpg,18
0248710.jpg,18
1658595.jpg,18
0904858.jpg,18
1798066.jpg,18
0222901.jpg,18
0457171.jpg,18
1134122.jpg,18
1769024.jpg,18
1138890.jpg,18
2039060.jpg,18
2220738.jpg,18
2213427.jpg,18
2204928.jpg,18
2000146.jpg,18
1103084.jpg,18
0985290.jpg,18
2243382.jpg,18
0127032.jpg,18
0176131.jpg,18
1506812.jpg,18
2026511.jpg,18
0467448.jpg,18
2024757.jpg,18
2131508.jpg,18
2171175.jpg,18
1232270.jpg,18
1363578.jpg,18
1349689.jpg,18
1906071.jpg,18
2082475.jpg,18
1635235.jpg,18
0255294.jpg,18
1861593.jpg,18
1539768.jpg,18
1520426.jpg,18
1127995.jpg,18
0225221.jpg,18
1271552.jpg,18
0981955.jpg,18
0087248.jpg,18
0940358.jpg,18
2259027.jpg,18
2021838.jpg,18
0905077.jpg,18
0867007.jpg,18
2054456.jpg,18
2209439.jpg,18
0097107.jpg,18
1378088.jpg,58
0765020.jpg,58
1778940.jpg,58
0930240.jpg,58
1380455.jpg,58
1032474.jpg,58
2116803.jpg,58
0653292.jpg,58
1705402.jpg,58
2026690.jpg,58
1906848.jpg,58
1397217.jpg,58
2039227.jpg,58
1940512.jpg,58
0731604.jpg,58
1534866.jpg,58
1172147.jpg,58
1379879.jpg,58
1384548.jpg,58
1370455.jpg,58
1901546.jpg,58
1592073.jpg,58
1371730.jpg,58
1842566.jpg,58
1739571.jpg,58
1280039.jpg,58
1906812.jpg,58
1386022.jpg,58
1448765.jpg,58
1922541.jpg,58
1716062.jpg,58
2175563.jpg,58
0960998.jpg,58
2194700.jpg,58
1196354.jpg,58
2056481.jpg,58
2125420.jpg,58
1427671.jpg,58
1042843.jpg,58
0911713.jpg,58
1481649.jpg,58
1161496.jpg,58
1152214.jpg,58
1730214.jpg,58
2089174.jpg,58
2164374.jpg,58
2041568.jpg,58
0877062.jpg,58
0928680.jpg,58
1401570.jpg,58
2137874.jpg,58
1532636.jpg,58
2178959.jpg,58
1347949.jpg,58
1404383.jpg,58
1673598.jpg,58
1951531.jpg,58
1511748.jpg,58
1735455.jpg,58
1870699.jpg,58
1389106.jpg,58
1908623.jpg,58
1700857.jpg,58
2132426.jpg,58
2157300.jpg,58
1670611.jpg,58
2152552.jpg,58
1369769.jpg,58
1622728.jpg,58
2180329.jpg,58
1773176.jpg,58
0743270.jpg,58
0981290.jpg,58
2158197.jpg,58
1674645.jpg,58
2074174.jpg,58
1382206.jpg,58
2199430.jpg,58
1570575.jpg,58
1915066.jpg,58
1738367.jpg,58
1570890.jpg,58
2165387.jpg,58
1368002.jpg,58
1513734.jpg,58
1237798.jpg,58
1591269.jpg,58
1533267.jpg,58
1378086.jpg,58
1523427.jpg,58
1738373.jpg,58
1191372.jpg,58
1119476.jpg,58
1177272.jpg,58
0765178.jpg,58
1376745.jpg,58
1768028.jpg,58
2152684.jpg,58
1337995.jpg,58
1770257.jpg,58
0487397.jpg,98
1418807.jpg,98
0716451.jpg,98
1298145.jpg,98
0103328.jpg,98
0939483.jpg,98
1164220.jpg,98
1230394.jpg,98
1302750.jpg,98
1088786.jpg,98
1320913.jpg,98
0184994.jpg,98
1044149.jpg,98
1244289.jpg,98
0467386.jpg,98
0901364.jpg,98
0944240.jpg,98
1447126.jpg,98
0094395.jpg,98
1590459.jpg,98
0989278.jpg,98
0062771.jpg,98
0973256.jpg,98
0062687.jpg,98
0062722.jpg,98
0894311.jpg,98
1430019.jpg,98
1544222.jpg,98
0490172.jpg,98
0143396.jpg,98
1611167.jpg,98
0062675.jpg,98
0198445.jpg,98
0632992.jpg,98
1137003.jpg,98
0758130.jpg,98
1113089.jpg,98
0487365.jpg,98
0062680.jpg,98
0685374.jpg,98
2054457.jpg,98
1097303.jpg,98
1426286.jpg,98
0273050.jpg,98
2002329.jpg,98
1218560.jpg,98
1585744.jpg,98
0737317.jpg,98
0578315.jpg,98
1691609.jpg,98
1161655.jpg,98
1179867.jpg,98
1429795.jpg,98
0237108.jpg,98
0726430.jpg,98
0920415.jpg,98
0822344.jpg,98
0543872.jpg,98
0062723.jpg,98
0522861.jpg,98
1597762.jpg,98
1577705.jpg,98
0094111.jpg,98
0241464.jpg,98
1869869.jpg,98
0077514.jpg,98
1940728.jpg,98
0066405.jpg,98
1412918.jpg,98
0582362.jpg,98
0808929.jpg,98
0907404.jpg,98
0523052.jpg,98
0903662.jpg,98
0064200.jpg,98
0879893.jpg,98
0836159.jpg,98
0983420.jpg,98
1204567.jpg,98
0337964.jpg,98
1298949.jpg,98
0184897.jpg,98
1177961.jpg,98
0229256.jpg,98
0523189.jpg,98
1415738.jpg,98
1388984.jpg,98
1273293.jpg,98
0391828.jpg,98
1481131.jpg,98
2007881.jpg,98
0255359.jpg,98
0384438.jpg,98
0979615.jpg,98
0984879.jpg,98
0522973.jpg,98
0066406.jpg,98
0936117.jpg,98
1185509.jpg,98
1633282.jpg,98
1621237.jpg,22
1561989.jpg,22
1013358.jpg,22
0853397.jpg,22
1758544.jpg,22
0618871.jpg,22
0681535.jpg,22
0765780.jpg,22
1346444.jpg,22
0949946.jpg,22
0127637.jpg,22
0843145.jpg,22
0094394.jpg,22
2084806.jpg,22
1446456.jpg,22
0487316.jpg,22
0181735.jpg,22
0114420.jpg,22
0215875.jpg,22
2175624.jpg,22
0994754.jpg,22
0901514.jpg,22
1132271.jpg,22
0203222.jpg,22
1486858.jpg,22
1906073.jpg,22
0923502.jpg,22
1027362.jpg,22
1831097.jpg,22
1464252.jpg,22
1270583.jpg,22
1313523.jpg,22
0396589.jpg,22
0829651.jpg,22
1429836.jpg,22
0130602.jpg,22
2221716.jpg,22
1469524.jpg,22
0995429.jpg,22
0846175.jpg,22
0482806.jpg,22
0847752.jpg,22
1127082.jpg,22
1514483.jpg,22
2230428.jpg,22
0063281.jpg,22
0143384.jpg,22
1918574.jpg,22
0737639.jpg,22
1583433.jpg,22
2067976.jpg,22
0438661.jpg,22
0255153.jpg,22
1234881.jpg,22
0225215.jpg,22
0109440.jpg,22
0870866.jpg,22
0851305.jpg,22
1554330.jpg,22
0719828.jpg,22
0822340.jpg,22
0067865.jpg,22
1921449.jpg,22
0136494.jpg,22
1555111.jpg,22
1707905.jpg,22
0065412.jpg,22
2259299.jpg,22
0368357.jpg,22
1277988.jpg,22
1797113.jpg,22
1154647.jpg,22
0383679.jpg,22
0947462.jpg,22
0894387.jpg,22
0869735.jpg,22
0062719.jpg,22
0467411.jpg,22
1695905.jpg,22
0115062.jpg,22
0699302.jpg,22
0136480.jpg,22
0174858.jpg,22
1149969.jpg,22
0894203.jpg,22
0454743.jpg,22
0926148.jpg,22
1223291.jpg,22
0934703.jpg,22
1539455.jpg,22
0123340.jpg,22
0525862.jpg,22
0201677.jpg,22
0104855.jpg,22
0668306.jpg,22
1200647.jpg,22
0367786.jpg,22
0978286.jpg,22
1195650.jpg,22
0903308.jpg,22
1373934.jpg,90
1766203.jpg,90
1088416.jpg,90
1620917.jpg,90
0738021.jpg,90
0628313.jpg,90
0805499.jpg,90
1679994.jpg,90
1843606.jpg,90
1468387.jpg,90
1566624.jpg,90
1688962.jpg,90
1461716.jpg,90
1496926.jpg,90
1254089.jpg,90
1319235.jpg,90
1293480.jpg,90
0877087.jpg,90
1605012.jpg,90
1933878.jpg,90
2148543.jpg,90
1472109.jpg,90
0692095.jpg,90
1726039.jpg,90
1054551.jpg,90
2171433.jpg,90
1523054.jpg,90
1859488.jpg,90
1840143.jpg,90
1359886.jpg,90
1548951.jpg,90
1101613.jpg,90
1376665.jpg,90
1261425.jpg,90
1446337.jpg,90
1570282.jpg,90
1018460.jpg,90
2130587.jpg,90
1192627.jpg,90
0746095.jpg,90
1974384.jpg,90
1821463.jpg,90
1095198.jpg,90
1037168.jpg,90
0930261.jpg,90
0457871.jpg,90
1058012.jpg,90
1767092.jpg,90
1942531.jpg,90
1300106.jpg,90
1245276.jpg,90
1152495.jpg,90
1622774.jpg,90
1027525.jpg,90
1494935.jpg,90
1666990.jpg,90
1660307.jpg,90
0321770.jpg,90
1663725.jpg,90
1492330.jpg,90
1616724.jpg,90
1956491.jpg,90
0709332.jpg,90
2092668.jpg,90
1427111.jpg,90
1069978.jpg,90
1615270.jpg,90
2186731.jpg,90
1265817.jpg,90
2072258.jpg,90
1420123.jpg,90
1058210.jpg,90
1158360.jpg,90
1103635.jpg,90
1316268.jpg,90
1501746.jpg,90
0953562.jpg,90
1425043.jpg,90
1144972.jpg,90
1797935.jpg,90
1426173.jpg,90
1571390.jpg,90
1689606.jpg,90
1366119.jpg,90
0118439.jpg,90
2091946.jpg,90
1800296.jpg,90
1237648.jpg,90
1823272.jpg,90
1620836.jpg,90
2247510.jpg,90
1009344.jpg,90
1163471.jpg,90
2137721.jpg,90
1925943.jpg,90
1584040.jpg,90
1782799.jpg,90
1193562.jpg,90
1471860.jpg,90
1356910.jpg,90
0521262.jpg,50
1943161.jpg,50
1806232.jpg,50
1401605.jpg,50
2036176.jpg,50
1689673.jpg,50
1889545.jpg,50
1034888.jpg,50
1239645.jpg,50
0524795.jpg,50
1571317.jpg,50
1585256.jpg,50
0759286.jpg,50
2231272.jpg,50
2139323.jpg,50
0584541.jpg,50
1468804.jpg,50
1158577.jpg,50
2139677.jpg,50
0781149.jpg,50
1672431.jpg,50
1084078.jpg,50
1042331.jpg,50
1398168.jpg,50
1897992.jpg,50
2175260.jpg,50
1900831.jpg,50
1726483.jpg,50
1037834.jpg,50
0526028.jpg,50
1033949.jpg,50
1970744.jpg,50
1312509.jpg,50
0384436.jpg,50
1017974.jpg,50
1676336.jpg,50
1843535.jpg,50
2258769.jpg,50
1465214.jpg,50
1769002.jpg,50
1158328.jpg,50
0907373.jpg,50
1469943.jpg,50
1806231.jpg,50
0796507.jpg,50
1829678.jpg,50
1551667.jpg,50
1636740.jpg,50
2064120.jpg,50
1228062.jpg,50
1874208.jpg,50
1062306.jpg,50
0890450.jpg,50
2001289.jpg,50
1857540.jpg,50
0071748.jpg,50
1020536.jpg,50
1060506.jpg,50
0411755.jpg,50
1541381.jpg,50
1168411.jpg,50
1550265.jpg,50
1345202.jpg,50
1714816.jpg,50
0849347.jpg,50
1703202.jpg,50
0446944.jpg,50
1333183.jpg,50
0901473.jpg,50
1647665.jpg,50
2255571.jpg,50
1468400.jpg,50
2116329.jpg,50
0225634.jpg,50
1363662.jpg,50
2188604.jpg,50
0880582.jpg,50
1062970.jpg,50
1040656.jpg,50
1388499.jpg,50
1336582.jpg,50
1321494.jpg,50
1329158.jpg,50
1963559.jpg,50
2207610.jpg,50
1508811.jpg,50
2229401.jpg,50
0741298.jpg,50
0951126.jpg,50
1768807.jpg,50
2137161.jpg,50
2234272.jpg,50
1641833.jpg,50
1608084.jpg,50
1545982.jpg,50
2175263.jpg,50
1934357.jpg,50
1362530.jpg,50
1032301.jpg,50
1279709.jpg,50
0880559.jpg,93
0874688.jpg,93
0922520.jpg,93
1414824.jpg,93
1232503.jpg,93
1054576.jpg,93
0939486.jpg,93
0648476.jpg,93
0962576.jpg,93
2211302.jpg,93
1389715.jpg,93
0923766.jpg,93
2157193.jpg,93
1314986.jpg,93
2180063.jpg,93
0711206.jpg,93
1827290.jpg,93
1975739.jpg,93
0067617.jpg,93
1312743.jpg,93
2019475.jpg,93
1966254.jpg,93
1026714.jpg,93
1235480.jpg,93
0114421.jpg,93
2033183.jpg,93
0451224.jpg,93
1014304.jpg,93
2026755.jpg,93
2127989.jpg,93
1151884.jpg,93
0763431.jpg,93
1878600.jpg,93
1122271.jpg,93
1930380.jpg,93
0439774.jpg,93
2180829.jpg,93
1145214.jpg,93
1313682.jpg,93
0143372.jpg,93
1037507.jpg,93
0065828.jpg,93
1889572.jpg,93
1386625.jpg,93
1240316.jpg,93
1736230.jpg,93
1974369.jpg,93
2251908.jpg,93
1834804.jpg,93
1912857.jpg,93
2049714.jpg,93
2247106.jpg,93
2062291.jpg,93
1168287.jpg,93
1292321.jpg,93
1909792.jpg,93
0936623.jpg,93
1050563.jpg,93
1047792.jpg,93
0752972.jpg,93
1807104.jpg,93
0973085.jpg,93
2192173.jpg,93
0890965.jpg,93
1088367.jpg,93
0454814.jpg,93
1741949.jpg,93
2094478.jpg,93
0492491.jpg,93
1748171.jpg,93
1538520.jpg,93
0127634.jpg,93
1476428.jpg,93
1191125.jpg,93
2127890.jpg,93
2136389.jpg,93
0749032.jpg,93
0936826.jpg,93
1338706.jpg,93
1122577.jpg,93
1383369.jpg,93
1187417.jpg,93
0343276.jpg,93
1818869.jpg,93
0967849.jpg,93
1271556.jpg,93
2057425.jpg,93
0788134.jpg,93
0936113.jpg,93
2218842.jpg,93
1597800.jpg,93
0939487.jpg,93
0920052.jpg,93
1386609.jpg,93
0257281.jpg,93
1912967.jpg,93
1818870.jpg,93
1162919.jpg,93
1290986.jpg,93
1219250.jpg,93
0059107.jpg,44
0362859.jpg,44
2184006.jpg,44
0235626.jpg,44
1633873.jpg,44
0855449.jpg,44
1567620.jpg,44
1037465.jpg,44
0184899.jpg,44
1616482.jpg,44
0712062.jpg,44
0275729.jpg,44
0996526.jpg,44
0942395.jpg,44
2192666.jpg,44
1379571.jpg,44
2201197.jpg,44
0662509.jpg,44
1784292.jpg,44
0136184.jpg,44
1355445.jpg,44
1337508.jpg,44
1700606.jpg,44
0848069.jpg,44
0454583.jpg,44
0523218.jpg,44
0313724.jpg,44
0870126.jpg,44
2031889.jpg,44
2123951.jpg,44
1204184.jpg,44
0340217.jpg,44
0130598.jpg,44
1709125.jpg,44
0680785.jpg,44
1548441.jpg,44
1204566.jpg,44
1015040.jpg,44
0599217.jpg,44
0921743.jpg,44
0975823.jpg,44
0200888.jpg,44
1447340.jpg,44
0457842.jpg,44
0227135.jpg,44
0488515.jpg,44
0996523.jpg,44
0063273.jpg,44
1563563.jpg,44
1596711.jpg,44
1192654.jpg,44
1206413.jpg,44
1958764.jpg,44
2128002.jpg,44
0177654.jpg,44
1334601.jpg,44
0483585.jpg,44
0174926.jpg,44
1763290.jpg,44
1116482.jpg,44
0973103.jpg,44
0222923.jpg,44
2031400.jpg,44
0205781.jpg,44
1396940.jpg,44
1196786.jpg,44
1636446.jpg,44
1696057.jpg,44
0916246.jpg,44
2183366.jpg,44
0650211.jpg,44
0880309.jpg,44
0065406.jpg,44
0181723.jpg,44
2231271.jpg,44
0958484.jpg,44
0977248.jpg,44
2198151.jpg,44
1060226.jpg,44
0487363.jpg,44
1426707.jpg,44
0227144.jpg,44
1531909.jpg,44
1921769.jpg,44
1182683.jpg,44
0841712.jpg,44
0922754.jpg,44
0701629.jpg,44
0866582.jpg,44
1601262.jpg,44
1288668.jpg,44
1299978.jpg,44
0928613.jpg,44
0225469.jpg,44
0523111.jpg,44
0895892.jpg,44
0907437.jpg,44
1990014.jpg,44
1742638.jpg,44
1414836.jpg,44
0174901.jpg,55
0547507.jpg,55
0593168.jpg,55
1018931.jpg,55
1309052.jpg,55
0792200.jpg,55
0109461.jpg,55
0062662.jpg,55
0723126.jpg,55
1514524.jpg,55
1338156.jpg,55
0564160.jpg,55
0880575.jpg,55
0593173.jpg,55
1314561.jpg,55
0116710.jpg,55
0901456.jpg,55
0147042.jpg,55
1927216.jpg,55
0353524.jpg,55
0593170.jpg,55
0735040.jpg,55
1014104.jpg,55
0901460.jpg,55
0546334.jpg,55
0901474.jpg,55
0547003.jpg,55
1049867.jpg,55
0782914.jpg,55
0606501.jpg,55
0967847.jpg,55
0171412.jpg,55
1443523.jpg,55
0248134.jpg,55
0062653.jpg,55
0744909.jpg,55
0548494.jpg,55
0034309.jpg,55
0062699.jpg,55
1000048.jpg,55
0901458.jpg,55
0192204.jpg,55
1011181.jpg,55
0738206.jpg,55
1017406.jpg,55
1194330.jpg,55
1461265.jpg,55
0921023.jpg,55
0551250.jpg,55
1654823.jpg,55
1163499.jpg,55
0812909.jpg,55
0694978.jpg,55
1879795.jpg,55
0699595.jpg,55
1148012.jpg,55
0274630.jpg,55
0198100.jpg,55
0195744.jpg,55
0620000.jpg,55
0822339.jpg,55
1884745.jpg,55
0091331.jpg,55
0592981.jpg,55
1295641.jpg,55
1008901.jpg,55
1316038.jpg,55
1002431.jpg,55
1428985.jpg,55
0765750.jpg,55
0640660.jpg,55
1201877.jpg,55
0956798.jpg,55
0177063.jpg,55
1426920.jpg,55
0219265.jpg,55
0993951.jpg,55
1050604.jpg,55
1343589.jpg,55
0608863.jpg,55
0395643.jpg,55
1349066.jpg,55
1818866.jpg,55
0092971.jpg,55
1193567.jpg,55
0109630.jpg,55
0718917.jpg,55
0987741.jpg,55
0901457.jpg,55
0880592.jpg,55
0721412.jpg,55
0065405.jpg,55
0179069.jpg,55
1168800.jpg,55
0989090.jpg,55
0643700.jpg,55
0522981.jpg,55
0536312.jpg,55
1317750.jpg,55
0694464.jpg,55
1145151.jpg,64
1303460.jpg,64
0708630.jpg,64
1315140.jpg,64
1077156.jpg,64
1227101.jpg,64
2105219.jpg,64
0905078.jpg,64
2239296.jpg,64
1286492.jpg,64
0779704.jpg,64
1052982.jpg,64
1132242.jpg,64
1948105.jpg,64
1231108.jpg,64
2175372.jpg,64
1255533.jpg,64
2201797.jpg,64
1913803.jpg,64
1548402.jpg,64
2111639.jpg,64
2233055.jpg,64
1253163.jpg,64
1230044.jpg,64
1870652.jpg,64
1412890.jpg,64
2213540.jpg,64
0832778.jpg,64
1277631.jpg,64
1909787.jpg,64
0907298.jpg,64
1260870.jpg,64
1003826.jpg,64
1699128.jpg,64
0912833.jpg,64
1809959.jpg,64
1027524.jpg,64
1059170.jpg,64
2213677.jpg,64
0927430.jpg,64
1889561.jpg,64
0869979.jpg,64
2191944.jpg,64
1824419.jpg,64
1092244.jpg,64
2123971.jpg,64
1972760.jpg,64
1260282.jpg,64
2206141.jpg,64
1356013.jpg,64
1643027.jpg,64
1387816.jpg,64
1576135.jpg,64
1795569.jpg,64
0996668.jpg,64
1878594.jpg,64
0758399.jpg,64
1124600.jpg,64
1336052.jpg,64
1181138.jpg,64
0427682.jpg,64
0959265.jpg,64
1471554.jpg,64
0664002.jpg,64
2188611.jpg,64
2152351.jpg,64
2123937.jpg,64
1591312.jpg,64
1634373.jpg,64
1579853.jpg,64
1461218.jpg,64
0998786.jpg,64
2107061.jpg,64
1943476.jpg,64
2190977.jpg,64
1444748.jpg,64
1312536.jpg,64
0381609.jpg,64
1296201.jpg,64
1879121.jpg,64
1901160.jpg,64
1259554.jpg,64
1966298.jpg,64
1008903.jpg,64
1714236.jpg,64
1602628.jpg,64
1676582.jpg,64
0661734.jpg,64
2117298.jpg,64
0713593.jpg,64
0944994.jpg,64
0642071.jpg,64
1169979.jpg,64
0962643.jpg,64
1900937.jpg,64
1375264.jpg,64
0717995.jpg,64
1953630.jpg,64
2063913.jpg,64
0972415.jpg,64
2224813.jpg,14
2147921.jpg,14
0273150.jpg,14
1560579.jpg,14
1566616.jpg,14
0275117.jpg,14
0685368.jpg,14
0523013.jpg,14
0814906.jpg,14
2067977.jpg,14
1031497.jpg,14
1713246.jpg,14
1945514.jpg,14
0802262.jpg,14
2170854.jpg,14
0923571.jpg,14
0838565.jpg,14
0701760.jpg,14
0765781.jpg,14
0225217.jpg,14
0255363.jpg,14
0056297.jpg,14
1107747.jpg,14
0902418.jpg,14
1356930.jpg,14
1155017.jpg,14
2013757.jpg,14
0694466.jpg,14
1527502.jpg,14
0184351.jpg,14
0218812.jpg,14
0458643.jpg,14
0863830.jpg,14
0788951.jpg,14
1018466.jpg,14
0851322.jpg,14
1471691.jpg,14
0087246.jpg,14
0169317.jpg,14
1493118.jpg,14
1073024.jpg,14
1824737.jpg,14
1207125.jpg,14
1258561.jpg,14
1547881.jpg,14
0921181.jpg,14
0708641.jpg,14
1663375.jpg,14
1026363.jpg,14
1424924.jpg,14
1253857.jpg,14
1389246.jpg,14
1568885.jpg,14
2188165.jpg,14
0288188.jpg,14
1741954.jpg,14
1238215.jpg,14
1917720.jpg,14
0684607.jpg,14
1884749.jpg,14
0090862.jpg,14
1175264.jpg,14
1730671.jpg,14
0903124.jpg,14
1723911.jpg,14
1415495.jpg,14
1160955.jpg,14
0678976.jpg,14
1124487.jpg,14
0973098.jpg,14
1704745.jpg,14
1298901.jpg,14
2263603.jpg,14
1237861.jpg,14
0740882.jpg,14
0488869.jpg,14
1000413.jpg,14
0174942.jpg,14
0166974.jpg,14
1017810.jpg,14
0075760.jpg,14
0376937.jpg,14
1447274.jpg,14
1673067.jpg,14
0056323.jpg,14
1380492.jpg,14
1123364.jpg,14
0749479.jpg,14
0990829.jpg,14
0296937.jpg,14
1366112.jpg,14
2119983.jpg,14
1815692.jpg,14
0325676.jpg,14
1365500.jpg,14
1200651.jpg,14
1173016.jpg,14
1623903.jpg,14
2031403.jpg,14
0134598.jpg,14
0422704.jpg,68
1217294.jpg,68
0909665.jpg,68
1550821.jpg,68
1746036.jpg,68
1025168.jpg,68
1475361.jpg,68
1954835.jpg,68
0285462.jpg,68
0961756.jpg,68
1399596.jpg,68
1956503.jpg,68
1429072.jpg,68
0227131.jpg,68
0842124.jpg,68
1204260.jpg,68
1299912.jpg,68
1414284.jpg,68
1699127.jpg,68
1162898.jpg,68
0227129.jpg,68
2164986.jpg,68
0457843.jpg,68
2020296.jpg,68
1554094.jpg,68
1223347.jpg,68
2153514.jpg,68
0100211.jpg,68
1815884.jpg,68
1332077.jpg,68
1924170.jpg,68
1129151.jpg,68
0692098.jpg,68
1157371.jpg,68
1255033.jpg,68
1413133.jpg,68
0222913.jpg,68
0631812.jpg,68
0458645.jpg,68
0907287.jpg,68
1237866.jpg,68
1670135.jpg,68
1596583.jpg,68
1926247.jpg,68
1581078.jpg,68
1921280.jpg,68
2208537.jpg,68
1934562.jpg,68
2157874.jpg,68
0778284.jpg,68
0249235.jpg,68
1225157.jpg,68
0174890.jpg,68
0817610.jpg,68
0227119.jpg,68
1053500.jpg,68
1161864.jpg,68
1210495.jpg,68
1124533.jpg,68
1592077.jpg,68
0350414.jpg,68
0670556.jpg,68
1110732.jpg,68
2200431.jpg,68
0059112.jpg,68
2169116.jpg,68
1847170.jpg,68
0785251.jpg,68
1267455.jpg,68
0625195.jpg,68
2167865.jpg,68
0993482.jpg,68
1328376.jpg,68
1537569.jpg,68
0708639.jpg,68
1788041.jpg,68
1601042.jpg,68
1531429.jpg,68
1276718.jpg,68
1546826.jpg,68
0313723.jpg,68
1474763.jpg,68
1486386.jpg,68
1418270.jpg,68
1898331.jpg,68
0440148.jpg,68
1850439.jpg,68
1552844.jpg,68
1689074.jpg,68
0975833.jpg,68
0249029.jpg,68
1736110.jpg,68
2160086.jpg,68
1385706.jpg,68
1445486.jpg,68
2021346.jpg,68
0619179.jpg,68
0695328.jpg,68
1090346.jpg,68
1172651.jpg,68
0715299.jpg,15
0496749.jpg,15
0478342.jpg,15
1767104.jpg,15
1534214.jpg,15
1650624.jpg,15
1146631.jpg,15
1910711.jpg,15
0138993.jpg,15
0447753.jpg,15
1647406.jpg,15
1004797.jpg,15
0328231.jpg,15
1256349.jpg,15
1810927.jpg,15
1944650.jpg,15
1297523.jpg,15
1316606.jpg,15
0977347.jpg,15
0313720.jpg,15
0482793.jpg,15
0442375.jpg,15
0469140.jpg,15
1150188.jpg,15
0662343.jpg,15
0428735.jpg,15
1771968.jpg,15
1564943.jpg,15
1156768.jpg,15
1486383.jpg,15
1298912.jpg,15
1629329.jpg,15
0361100.jpg,15
0507837.jpg,15
1345218.jpg,15
0330281.jpg,15
1313225.jpg,15
1834622.jpg,15
2147405.jpg,15
0839551.jpg,15
0924405.jpg,15
1398983.jpg,15
0985968.jpg,15
2099420.jpg,15
1204263.jpg,15
1221753.jpg,15
1279666.jpg,15
2020641.jpg,15
1307073.jpg,15
0313727.jpg,15
1017288.jpg,15
1334472.jpg,15
0467431.jpg,15
1213050.jpg,15
0781904.jpg,15
1261956.jpg,15
1981480.jpg,15
0903658.jpg,15
1122464.jpg,15
1277617.jpg,15
1255496.jpg,15
0187532.jpg,15
0924404.jpg,15
1295646.jpg,15
0443974.jpg,15
0658111.jpg,15
1486878.jpg,15
1550890.jpg,15
2137126.jpg,15
1338255.jpg,15
0957893.jpg,15
2199948.jpg,15
0709566.jpg,15
0914475.jpg,15
1375987.jpg,15
1471690.jpg,15
2140530.jpg,15
1630526.jpg,15
1938051.jpg,15
1519381.jpg,15
1152153.jpg,15
1568750.jpg,15
0594827.jpg,15
1463774.jpg,15
0469653.jpg,15
0950442.jpg,15
2127992.jpg,15
1416312.jpg,15
0158891.jpg,15
0522873.jpg,15
0257029.jpg,15
1892614.jpg,15
0386937.jpg,15
0130597.jpg,15
2002363.jpg,15
0708642.jpg,15
0477671.jpg,15
1774577.jpg,15
0205784.jpg,15
1245209.jpg,15
0804670.jpg,10
1008872.jpg,10
0139685.jpg,10
0869644.jpg,10
1068733.jpg,10
0092334.jpg,10
0677583.jpg,10
1009031.jpg,10
0688093.jpg,10
1831093.jpg,10
1707740.jpg,10
1013082.jpg,10
0606502.jpg,10
0730970.jpg,10
0962875.jpg,10
2161794.jpg,10
1251094.jpg,10
1707955.jpg,10
1985184.jpg,10
1145144.jpg,10
0843964.jpg,10
1842078.jpg,10
0147038.jpg,10
0535113.jpg,10
0809727.jpg,10
1283510.jpg,10
1099245.jpg,10
1062969.jpg,10
0852827.jpg,10
1028187.jpg,10
1281453.jpg,10
0993061.jpg,10
0926105.jpg,10
1047726.jpg,10
0558306.jpg,10
1428220.jpg,10
0064007.jpg,10
0275116.jpg,10
0713645.jpg,10
0147037.jpg,10
0808930.jpg,10
0685282.jpg,10
1340209.jpg,10
1163044.jpg,10
0540719.jpg,10
0796213.jpg,10
1033308.jpg,10
0074633.jpg,10
1224263.jpg,10
1062971.jpg,10
1281454.jpg,10
0792085.jpg,10
0367975.jpg,10
0944156.jpg,10
1014103.jpg,10
0114120.jpg,10
0296011.jpg,10
0179062.jpg,10
0880585.jpg,10
1688967.jpg,10
0880570.jpg,10
2226295.jpg,10
1050684.jpg,10
1318175.jpg,10
0989834.jpg,10
0132975.jpg,10
0869697.jpg,10
2217964.jpg,10
1821602.jpg,10
0136486.jpg,10
0338531.jpg,10
1626629.jpg,10
1415611.jpg,10
1013534.jpg,10
0851311.jpg,10
1041645.jpg,10
0814397.jpg,10
1292533.jpg,10
1009765.jpg,10
0705084.jpg,10
0062223.jpg,10
1427673.jpg,10
0127505.jpg,10
0149352.jpg,10
0188405.jpg,10
2162684.jpg,10
0540389.jpg,10
0485231.jpg,10
0980549.jpg,10
0641196.jpg,10
0901513.jpg,10
0677586.jpg,10
0155579.jpg,10
0396525.jpg,10
0598112.jpg,10
0783900.jpg,10
1231746.jpg,10
2167150.jpg,10
0104828.jpg,10
0733462.jpg,10
0525710.jpg,97
0523057.jpg,97
0993942.jpg,97
0143339.jpg,97
1166761.jpg,97
0944175.jpg,97
1594713.jpg,97
1594798.jpg,97
0921289.jpg,97
0062669.jpg,97
0988536.jpg,97
0523187.jpg,97
0063292.jpg,97
0523155.jpg,97
1187867.jpg,97
0523142.jpg,97
0105827.jpg,97
1182715.jpg,97
1602329.jpg,97
1312387.jpg,97
1342280.jpg,97
0759971.jpg,97
0606129.jpg,97
1544175.jpg,97
1594711.jpg,97
0720882.jpg,97
0523009.jpg,97
0523144.jpg,97
0920420.jpg,97
0924608.jpg,97
0948666.jpg,97
0618972.jpg,97
1594734.jpg,97
0836158.jpg,97
0498115.jpg,97
0230804.jpg,97
1476106.jpg,97
1619889.jpg,97
1590546.jpg,97
0944241.jpg,97
1590547.jpg,97
1597802.jpg,97
0523272.jpg,97
0062709.jpg,97
0523249.jpg,97
1745775.jpg,97
0836151.jpg,97
1544176.jpg,97
1826636.jpg,97
1594799.jpg,97
1425173.jpg,97
0181715.jpg,97
1544976.jpg,97
0195743.jpg,97
1594716.jpg,97
1826637.jpg,97
0522948.jpg,97
0907419.jpg,97
0880566.jpg,97
0143344.jpg,97
1594731.jpg,97
0127652.jpg,97
0716334.jpg,97
0907410.jpg,97
0632009.jpg,97
1700374.jpg,97
0523051.jpg,97
0829813.jpg,97
0523278.jpg,97
1590457.jpg,97
0523139.jpg,97
1140416.jpg,97
1297059.jpg,97
1083282.jpg,97
0677638.jpg,97
0974359.jpg,97
0063293.jpg,97
1061208.jpg,97
1351441.jpg,97
0923714.jpg,97
0522967.jpg,97
1691610.jpg,97
0836257.jpg,97
0894205.jpg,97
0958066.jpg,97
0094396.jpg,97
0719053.jpg,97
0738982.jpg,97
0522975.jpg,97
0693457.jpg,97
0324987.jpg,97
0504826.jpg,97
1594717.jpg,97
0522969.jpg,97
0659112.jpg,97
1619881.jpg,97
0066418.jpg,97
0551251.jpg,97
0195009.jpg,97
0845036.jpg,97
2194956.jpg,33
1932603.jpg,33
0962924.jpg,33
2220792.jpg,33
2158999.jpg,33
1617649.jpg,33
1417441.jpg,33
2089280.jpg,33
2233490.jpg,33
2212259.jpg,33
1979061.jpg,33
1687332.jpg,33
1758424.jpg,33
2251120.jpg,33
2235142.jpg,33
1891187.jpg,33
1891966.jpg,33
1855197.jpg,33
1758486.jpg,33
1252082.jpg,33
2099324.jpg,33
1855337.jpg,33
1508047.jpg,33
1368055.jpg,33
2218523.jpg,33
2032511.jpg,33
1749661.jpg,33
2239301.jpg,33
1840423.jpg,33
1584021.jpg,33
1230040.jpg,33
1531175.jpg,33
1973442.jpg,33
2067948.jpg,33
2218512.jpg,33
2059163.jpg,33
1454199.jpg,33
2013985.jpg,33
2231825.jpg,33
0962110.jpg,33
1280503.jpg,33
2026616.jpg,33
0939580.jpg,33
1879734.jpg,33
2045349.jpg,33
1601324.jpg,33
1979055.jpg,33
2254473.jpg,33
2210237.jpg,33
2103000.jpg,33
2239815.jpg,33
1790439.jpg,33
1560786.jpg,33
1948194.jpg,33
2133240.jpg,33
2127996.jpg,33
2169490.jpg,33
2046689.jpg,33
2046832.jpg,33
2193606.jpg,33
2215392.jpg,33
2038530.jpg,33
1567291.jpg,33
1664644.jpg,33
1992047.jpg,33
1659447.jpg,33
1701058.jpg,33
1617066.jpg,33
1941697.jpg,33
1788036.jpg,33
2046831.jpg,33
1055151.jpg,33
1757833.jpg,33
1836183.jpg,33
2054198.jpg,33
1647304.jpg,33
1718618.jpg,33
2210073.jpg,33
2131734.jpg,33
2115336.jpg,33
2084810.jpg,33
2234610.jpg,33
1195232.jpg,33
2257341.jpg,33
1921950.jpg,33
1951063.jpg,33
1990751.jpg,33
1379570.jpg,33
2247793.jpg,33
1811111.jpg,33
2188600.jpg,33
1987428.jpg,33
1941845.jpg,33
1456849.jpg,33
2087371.jpg,33
2122835.jpg,33
0977324.jpg,33
2199048.jpg,33
2251118.jpg,33
1979068.jpg,33
0944253.jpg,6
0817558.jpg,6
0928043.jpg,6
1650651.jpg,6
1823113.jpg,6
1401747.jpg,6
1726606.jpg,6
1615563.jpg,6
0731199.jpg,6
0784350.jpg,6
1283644.jpg,6
0467430.jpg,6
0745448.jpg,6
0702868.jpg,6
0842381.jpg,6
2188618.jpg,6
1973457.jpg,6
1861153.jpg,6
2091304.jpg,6
0961750.jpg,6
0904850.jpg,6
0361351.jpg,6
1117081.jpg,6
2080548.jpg,6
0905907.jpg,6
1885885.jpg,6
1259152.jpg,6
0442918.jpg,6
2101958.jpg,6
1730978.jpg,6
1773981.jpg,6
1718899.jpg,6
0721593.jpg,6
1759296.jpg,6
1852177.jpg,6
1165045.jpg,6
1845995.jpg,6
2063812.jpg,6
1304869.jpg,6
0383402.jpg,6
1549183.jpg,6
1650693.jpg,6
1908628.jpg,6
1747505.jpg,6
2044777.jpg,6
1016726.jpg,6
1280176.jpg,6
1215384.jpg,6
1313344.jpg,6
0800938.jpg,6
1229599.jpg,6
0796444.jpg,6
0959047.jpg,6
1524816.jpg,6
0956273.jpg,6
1687756.jpg,6
0562553.jpg,6
1358046.jpg,6
0428665.jpg,6
1908388.jpg,6
1225644.jpg,6
0973091.jpg,6
1400105.jpg,6
1648294.jpg,6
2123946.jpg,6
0907752.jpg,6
1401878.jpg,6
0890396.jpg,6
0259167.jpg,6
1078482.jpg,6
1129244.jpg,6
1268068.jpg,6
2128746.jpg,6
0755282.jpg,6
1398987.jpg,6
0675711.jpg,6
0104601.jpg,6
1650662.jpg,6
1087920.jpg,6
0669870.jpg,6
1244625.jpg,6
2031421.jpg,6
0192625.jpg,6
1418231.jpg,6
1561990.jpg,6
0097578.jpg,6
0931601.jpg,6
1237650.jpg,6
1857204.jpg,6
1361693.jpg,6
0450740.jpg,6
1429846.jpg,6
2260617.jpg,6
1842040.jpg,6
0730798.jpg,6
2263029.jpg,6
1212753.jpg,6
0635825.jpg,6
1758619.jpg,6
2094229.jpg,6
1606078.jpg,82
1736177.jpg,82
0935016.jpg,82
2172310.jpg,82
1476339.jpg,82
2223255.jpg,82
1911427.jpg,82
1678522.jpg,82
1452537.jpg,82
1822339.jpg,82
1244756.jpg,82
1677053.jpg,82
1477073.jpg,82
0961972.jpg,82
1976055.jpg,82
0893717.jpg,82
1082296.jpg,82
1244760.jpg,82
1615575.jpg,82
1551549.jpg,82
2165386.jpg,82
1248046.jpg,82
1736242.jpg,82
2176625.jpg,82
0554994.jpg,82
0877683.jpg,82
1574584.jpg,82
1472586.jpg,82
1244468.jpg,82
2018705.jpg,82
0934118.jpg,82
1859253.jpg,82
0685277.jpg,82
1192172.jpg,82
1242242.jpg,82
1683147.jpg,82
0934119.jpg,82
1506678.jpg,82
1567592.jpg,82
1796779.jpg,82
0934120.jpg,82
1070876.jpg,82
2159929.jpg,82
1563891.jpg,82
1373015.jpg,82
2073908.jpg,82
2181542.jpg,82
1085156.jpg,82
1151729.jpg,82
1554878.jpg,82
1591237.jpg,82
1161742.jpg,82
1085158.jpg,82
0935015.jpg,82
1973089.jpg,82
1258662.jpg,82
1054591.jpg,82
1277137.jpg,82
1468153.jpg,82
1344996.jpg,82
1302926.jpg,82
0880533.jpg,82
1861128.jpg,82
1577806.jpg,82
1244762.jpg,82
1574582.jpg,82
1574580.jpg,82
1244766.jpg,82
1376413.jpg,82
1969071.jpg,82
1745999.jpg,82
0680033.jpg,82
1711730.jpg,82
1560108.jpg,82
2160566.jpg,82
1779625.jpg,82
1912356.jpg,82
2169747.jpg,82
1754180.jpg,82
1105223.jpg,82
2228412.jpg,82
2065885.jpg,82
1567619.jpg,82
1203397.jpg,82
1088411.jpg,82
1203398.jpg,82
1736173.jpg,82
1258663.jpg,82
2178477.jpg,82
2163696.jpg,82
1258557.jpg,82
0681463.jpg,82
1244757.jpg,82
1280976.jpg,82
2171897.jpg,82
1570911.jpg,82
0903057.jpg,82
1780364.jpg,82
1634646.jpg,82
1759330.jpg,82
2040683.jpg,26
0684603.jpg,26
2206288.jpg,26
0625762.jpg,26
2031397.jpg,26
1000045.jpg,26
2195127.jpg,26
2008019.jpg,26
0434343.jpg,26
1616512.jpg,26
0410062.jpg,26
0547318.jpg,26
1958762.jpg,26
0523050.jpg,26
1879898.jpg,26
2168926.jpg,26
0367993.jpg,26
0076836.jpg,26
1568879.jpg,26
1332663.jpg,26
1154702.jpg,26
1645748.jpg,26
1218795.jpg,26
0062131.jpg,26
1599803.jpg,26
1768769.jpg,26
0684562.jpg,26
1079168.jpg,26
2226325.jpg,26
0851313.jpg,26
0523001.jpg,26
2221573.jpg,26
0939608.jpg,26
2239626.jpg,26
1860537.jpg,26
1188170.jpg,26
1255792.jpg,26
2088378.jpg,26
1207261.jpg,26
1598389.jpg,26
1927319.jpg,26
1542770.jpg,26
1390306.jpg,26
1004940.jpg,26
2206294.jpg,26
1704741.jpg,26
2248561.jpg,26
1295495.jpg,26
0757707.jpg,26
1510899.jpg,26
1065444.jpg,26
0066677.jpg,26
0681470.jpg,26
1369907.jpg,26
2087628.jpg,26
1702873.jpg,26
2056062.jpg,26
2071957.jpg,26
1386619.jpg,26
0681542.jpg,26
1193603.jpg,26
1762160.jpg,26
0274619.jpg,26
1266149.jpg,26
0903776.jpg,26
2117303.jpg,26
1555884.jpg,26
0447769.jpg,26
0936133.jpg,26
1461862.jpg,26
0862739.jpg,26
0083150.jpg,26
1559373.jpg,26
0182727.jpg,26
1526019.jpg,26
1921311.jpg,26
2245660.jpg,26
1496971.jpg,26
2191945.jpg,26
0136472.jpg,26
1231168.jpg,26
1222601.jpg,26
1327939.jpg,26
1019107.jpg,26
2194912.jpg,26
2069707.jpg,26
1469738.jpg,26
0740504.jpg,26
0181710.jpg,26
1129148.jpg,26
2006296.jpg,26
1366856.jpg,26
0361611.jpg,26
1218624.jpg,26
1611219.jpg,26
1107447.jpg,26
1886463.jpg,26
0498140.jpg,26
0740884.jpg,26
0863885.jpg,26
1522867.jpg,42
0774035.jpg,42
1364712.jpg,42
1085194.jpg,42
1414395.jpg,42
1794564.jpg,42
1033590.jpg,42
0939510.jpg,42
2260054.jpg,42
0967838.jpg,42
0773222.jpg,42
0280348.jpg,42
1940180.jpg,42
1543648.jpg,42
1931897.jpg,42
2049579.jpg,42
0434345.jpg,42
0771762.jpg,42
1404391.jpg,42
1196802.jpg,42
0610659.jpg,42
1534869.jpg,42
0573367.jpg,42
0875344.jpg,42
0962825.jpg,42
0772253.jpg,42
1522562.jpg,42
0958085.jpg,42
1373821.jpg,42
0883339.jpg,42
1055698.jpg,42
0978113.jpg,42
0977928.jpg,42
1048528.jpg,42
1386624.jpg,42
1668963.jpg,42
0104847.jpg,42
0869693.jpg,42
2128061.jpg,42
1768029.jpg,42
1195674.jpg,42
0773400.jpg,42
0771794.jpg,42
1152062.jpg,42
1378083.jpg,42
0880579.jpg,42
0591254.jpg,42
0553599.jpg,42
0807859.jpg,42
1395431.jpg,42
1940184.jpg,42
0771793.jpg,42
0606131.jpg,42
0773398.jpg,42
0891418.jpg,42
1805918.jpg,42
0635837.jpg,42
0773403.jpg,42
1017178.jpg,42
2014678.jpg,42
1584757.jpg,42
1647400.jpg,42
1753610.jpg,42
1559003.jpg,42
1280138.jpg,42
0706206.jpg,42
0890439.jpg,42
1202350.jpg,42
0736232.jpg,42
0963485.jpg,42
1246917.jpg,42
1244362.jpg,42
1586062.jpg,42
1593383.jpg,42
0759282.jpg,42
0774763.jpg,42
1869952.jpg,42
1331516.jpg,42
1564407.jpg,42
1621666.jpg,42
2110996.jpg,42
0911010.jpg,42
0326603.jpg,42
0547019.jpg,42
0773394.jpg,42
2228007.jpg,42
0755464.jpg,42
0851299.jpg,42
2175630.jpg,42
0773399.jpg,42
1762100.jpg,42
2139346.jpg,42
0875337.jpg,42
0681901.jpg,42
0464476.jpg,42
1564427.jpg,42
1304098.jpg,42
1144110.jpg,42
0883341.jpg,42
1256472.jpg,42
1313522.jpg,29
0063835.jpg,29
0884477.jpg,29
0414366.jpg,29
0237414.jpg,29
0077196.jpg,29
1568114.jpg,29
0897300.jpg,29
0295746.jpg,29
0245219.jpg,29
0701753.jpg,29
1210463.jpg,29
0187671.jpg,29
0241450.jpg,29
1571964.jpg,29
1507531.jpg,29
0585327.jpg,29
1266977.jpg,29
1111277.jpg,29
0457830.jpg,29
0136500.jpg,29
0072870.jpg,29
0082967.jpg,29
0062258.jpg,29
1234832.jpg,29
0447785.jpg,29
0918184.jpg,29
0301967.jpg,29
0140272.jpg,29
0523012.jpg,29
0066533.jpg,29
0996579.jpg,29
0151678.jpg,29
1961237.jpg,29
0849197.jpg,29
0950326.jpg,29
0710670.jpg,29
0447169.jpg,29
1173946.jpg,29
0249234.jpg,29
0298309.jpg,29
1221649.jpg,29
0901380.jpg,29
0732693.jpg,29
1053447.jpg,29
0081600.jpg,29
0457464.jpg,29
0195718.jpg,29
0950435.jpg,29
0078364.jpg,29
0240325.jpg,29
0913627.jpg,29
1223334.jpg,29
1136119.jpg,29
0062768.jpg,29
1446249.jpg,29
0337116.jpg,29
0961819.jpg,29
2244501.jpg,29
0487386.jpg,29
0301709.jpg,29
0799591.jpg,29
0939548.jpg,29
1098958.jpg,29
0799600.jpg,29
0901141.jpg,29
0056782.jpg,29
0553601.jpg,29
0188372.jpg,29
0842387.jpg,29
0136468.jpg,29
0346400.jpg,29
0719790.jpg,29
0950119.jpg,29
0862199.jpg,29
0437571.jpg,29
0458627.jpg,29
1383088.jpg,29
1634020.jpg,29
0445601.jpg,29
1732551.jpg,29
1054022.jpg,29
0944357.jpg,29
1764565.jpg,29
1097486.jpg,29
0995290.jpg,29
0658059.jpg,29
1278085.jpg,29
1602273.jpg,29
1543509.jpg,29
0852822.jpg,29
0350851.jpg,29
0115074.jpg,29
0710667.jpg,29
0155576.jpg,29
0842399.jpg,29
0064930.jpg,29
0939501.jpg,29
0721177.jpg,29
0143336.jpg,29
1001973.jpg,39
1099011.jpg,39
0361575.jpg,39
1818164.jpg,39
0550468.jpg,39
0517633.jpg,39
1902706.jpg,39
1070335.jpg,39
1006795.jpg,39
1030259.jpg,39
2259583.jpg,39
0275249.jpg,39
1451426.jpg,39
1216808.jpg,39
1926848.jpg,39
1600520.jpg,39
1124594.jpg,39
1234384.jpg,39
1820311.jpg,39
1563979.jpg,39
1417777.jpg,39
1662815.jpg,39
0926152.jpg,39
0853775.jpg,39
1228464.jpg,39
1899145.jpg,39
0083356.jpg,39
2094357.jpg,39
1980863.jpg,39
1806228.jpg,39
1359885.jpg,39
1714820.jpg,39
2128060.jpg,39
0463096.jpg,39
2104252.jpg,39
1686418.jpg,39
2091953.jpg,39
0299638.jpg,39
0757655.jpg,39
1048957.jpg,39
0944751.jpg,39
0996985.jpg,39
1538799.jpg,39
1369269.jpg,39
0356127.jpg,39
0769140.jpg,39
0451431.jpg,39
1699480.jpg,39
2034716.jpg,39
0741746.jpg,39
1186987.jpg,39
1445618.jpg,39
1799613.jpg,39
1687163.jpg,39
1795167.jpg,39
1339053.jpg,39
1296833.jpg,39
1857535.jpg,39
0321746.jpg,39
1312508.jpg,39
1220934.jpg,39
1243688.jpg,39
1376273.jpg,39
1032302.jpg,39
1041825.jpg,39
1672423.jpg,39
1312518.jpg,39
0683604.jpg,39
0917345.jpg,39
2072230.jpg,39
1158578.jpg,39
1025167.jpg,39
1272007.jpg,39
1419958.jpg,39
1627449.jpg,39
2143407.jpg,39
1688324.jpg,39
1655409.jpg,39
0913417.jpg,39
1903393.jpg,39
1069041.jpg,39
1784216.jpg,39
1047313.jpg,39
0525265.jpg,39
1801417.jpg,39
0753360.jpg,39
2186370.jpg,39
1358537.jpg,39
0297025.jpg,39
1340322.jpg,39
0697871.jpg,39
0713916.jpg,39
1535637.jpg,39
1527350.jpg,39
2171063.jpg,39
1545981.jpg,39
0939614.jpg,39
1014363.jpg,39
0677428.jpg,39
1670149.jpg,39
1563038.jpg,81
1957106.jpg,81
1605637.jpg,81
1715316.jpg,81
1447127.jpg,81
0913940.jpg,81
1166589.jpg,81
2180833.jpg,81
1908679.jpg,81
0868105.jpg,81
1534376.jpg,81
0781152.jpg,81
2019594.jpg,81
1347626.jpg,81
1865143.jpg,81
1008569.jpg,81
2137160.jpg,81
1290539.jpg,81
0718915.jpg,81
0555526.jpg,81
1672425.jpg,81
1749597.jpg,81
1702899.jpg,81
0275671.jpg,81
2041416.jpg,81
1215515.jpg,81
1098609.jpg,81
1053425.jpg,81
1420523.jpg,81
1857543.jpg,81
0517785.jpg,81
1311419.jpg,81
2106202.jpg,81
0497885.jpg,81
1535321.jpg,81
2211310.jpg,81
1857534.jpg,81
0472671.jpg,81
1542799.jpg,81
1642987.jpg,81
1141657.jpg,81
1410097.jpg,81
1549874.jpg,81
0095534.jpg,81
1400738.jpg,81
1852004.jpg,81
1034793.jpg,81
1256465.jpg,81
1355623.jpg,81
1655614.jpg,81
2149722.jpg,81
1308524.jpg,81
1315973.jpg,81
1170880.jpg,81
0488772.jpg,81
0130154.jpg,81
2057963.jpg,81
1027348.jpg,81
2260732.jpg,81
0498315.jpg,81
0914555.jpg,81
1784297.jpg,81
1362726.jpg,81
1796985.jpg,81
0558239.jpg,81
1796772.jpg,81
1718620.jpg,81
2211444.jpg,81
1400629.jpg,81
0965713.jpg,81
1300002.jpg,81
1636521.jpg,81
1806210.jpg,81
0422472.jpg,81
2223311.jpg,81
1663379.jpg,81
1619270.jpg,81
1272698.jpg,81
1771969.jpg,81
1950559.jpg,81
0093510.jpg,81
0071754.jpg,81
1471641.jpg,81
1047407.jpg,81
1658586.jpg,81
1077924.jpg,81
2139678.jpg,81
1921656.jpg,81
0497629.jpg,81
1244306.jpg,81
1546282.jpg,81
1244687.jpg,81
1091663.jpg,81
0759316.jpg,81
0498138.jpg,81
0447762.jpg,81
0396507.jpg,81
2030079.jpg,81
1063148.jpg,81
0492487.jpg,81
0607518.jpg,96
1174475.jpg,96
1299913.jpg,96
1272849.jpg,96
1349343.jpg,96
1349314.jpg,96
1259067.jpg,96
1376345.jpg,96
1335029.jpg,96
1258555.jpg,96
1373008.jpg,96
1767577.jpg,96
2094375.jpg,96
2136392.jpg,96
1223923.jpg,96
1859254.jpg,96
1241521.jpg,96
1966895.jpg,96
1085189.jpg,96
2118956.jpg,96
2041569.jpg,96
1931348.jpg,96
1270604.jpg,96
1091255.jpg,96
1607515.jpg,96
0536299.jpg,96
0891419.jpg,96
2063400.jpg,96
1607505.jpg,96
1270601.jpg,96
1251382.jpg,96
0744304.jpg,96
1607467.jpg,96
1218277.jpg,96
0687272.jpg,96
1560580.jpg,96
1611098.jpg,96
1289636.jpg,96
2194062.jpg,96
2080680.jpg,96
1418846.jpg,96
1945974.jpg,96
1223796.jpg,96
1859057.jpg,96
0986465.jpg,96
1360525.jpg,96
1240881.jpg,96
1285957.jpg,96
1371541.jpg,96
1482270.jpg,96
0960091.jpg,96
0659386.jpg,96
1764704.jpg,96
0586258.jpg,96
1372373.jpg,96
1961232.jpg,96
1017912.jpg,96
0880063.jpg,96
1251379.jpg,96
1408735.jpg,96
2186725.jpg,96
0978114.jpg,96
1607507.jpg,96
1272291.jpg,96
1261424.jpg,96
1240022.jpg,96
1252131.jpg,96
1611099.jpg,96
1280040.jpg,96
1125997.jpg,96
1927270.jpg,96
1374697.jpg,96
1115161.jpg,96
1045405.jpg,96
1961222.jpg,96
2162821.jpg,96
0691437.jpg,96
1750220.jpg,96
2118955.jpg,96
1588762.jpg,96
2118872.jpg,96
2031890.jpg,96
1240010.jpg,96
1611095.jpg,96
1940190.jpg,96
1266018.jpg,96
1376307.jpg,96
1715547.jpg,96
0877084.jpg,96
0749198.jpg,96
1614885.jpg,96
1966899.jpg,96
0749197.jpg,96
0648036.jpg,96
2118873.jpg,96
1564418.jpg,96
1979664.jpg,96
1349345.jpg,96
1060704.jpg,96
2080681.jpg,96
1790927.jpg,99
0944239.jpg,99
0733079.jpg,99
1320583.jpg,99
1176914.jpg,99
0077513.jpg,99
1056902.jpg,99
0792373.jpg,99
1627581.jpg,99
1284223.jpg,99
1429966.jpg,99
1826524.jpg,99
0490185.jpg,99
0606123.jpg,99
0749478.jpg,99
0066408.jpg,99
0901509.jpg,99
1501838.jpg,99
0730106.jpg,99
1611239.jpg,99
0504825.jpg,99
1581695.jpg,99
0198777.jpg,99
0819685.jpg,99
1696014.jpg,99
0394095.jpg,99
1000013.jpg,99
1544139.jpg,99
0522968.jpg,99
1577680.jpg,99
1826676.jpg,99
0472681.jpg,99
1597829.jpg,99
0197891.jpg,99
0901512.jpg,99
0907402.jpg,99
1117057.jpg,99
0958089.jpg,99
1027346.jpg,99
1000039.jpg,99
1801242.jpg,99
1126468.jpg,99
1113448.jpg,99
1691701.jpg,99
1361542.jpg,99
0512072.jpg,99
0967831.jpg,99
1149065.jpg,99
0490173.jpg,99
1026133.jpg,99
1004799.jpg,99
1544138.jpg,99
1176947.jpg,99
0302870.jpg,99
1826635.jpg,99
0645411.jpg,99
0968748.jpg,99
0836160.jpg,99
0746093.jpg,99
0967818.jpg,99
1227260.jpg,99
0523140.jpg,99
1203670.jpg,99
0944182.jpg,99
1340345.jpg,99
0765754.jpg,99
1594714.jpg,99
0800390.jpg,99
1320565.jpg,99
0923499.jpg,99
1298910.jpg,99
0523227.jpg,99
0973160.jpg,99
0104604.jpg,99
0198448.jpg,99
1616362.jpg,99
1296580.jpg,99
1051041.jpg,99
0906979.jpg,99
0457162.jpg,99
2158992.jpg,99
0198446.jpg,99
0944176.jpg,99
1176955.jpg,99
0784557.jpg,99
0197892.jpg,99
1695906.jpg,99
1544178.jpg,99
0445606.jpg,99
1885835.jpg,99
0784479.jpg,99
0725715.jpg,99
1430022.jpg,99
0995387.jpg,99
0487393.jpg,99
0383400.jpg,99
1117062.jpg,99
0329381.jpg,99
0523192.jpg,99
0810303.jpg,99
1757004.jpg,24
1879116.jpg,24
0481841.jpg,24
1018875.jpg,24
0205770.jpg,24
2146985.jpg,24
1237633.jpg,24
1031451.jpg,24
1483441.jpg,24
1589410.jpg,24
0709185.jpg,24
1363952.jpg,24
0625763.jpg,24
1003143.jpg,24
1564781.jpg,24
0979624.jpg,24
1636535.jpg,24
1105737.jpg,24
0973383.jpg,24
2246105.jpg,24
0445491.jpg,24
1818746.jpg,24
1327284.jpg,24
0672114.jpg,24
0248132.jpg,24
1300487.jpg,24
0939503.jpg,24
2088369.jpg,24
1917860.jpg,24
1333717.jpg,24
1268547.jpg,24
1541378.jpg,24
0522853.jpg,24
1614878.jpg,24
1413239.jpg,24
0257377.jpg,24
1783696.jpg,24
1992930.jpg,24
2137128.jpg,24
1860177.jpg,24
1338362.jpg,24
1545141.jpg,24
2133746.jpg,24
2241501.jpg,24
1400446.jpg,24
1172046.jpg,24
2142238.jpg,24
0143381.jpg,24
1642983.jpg,24
0523104.jpg,24
1415431.jpg,24
1459188.jpg,24
0988091.jpg,24
0205776.jpg,24
1671731.jpg,24
1113092.jpg,24
1527504.jpg,24
0110914.jpg,24
0788474.jpg,24
0167121.jpg,24
1073032.jpg,24
2195569.jpg,24
0925865.jpg,24
0842395.jpg,24
2050152.jpg,24
1097907.jpg,24
1548486.jpg,24
1092270.jpg,24
1871273.jpg,24
1714240.jpg,24
0198104.jpg,24
1966096.jpg,24
1358664.jpg,24
0701751.jpg,24
2171602.jpg,24
2183458.jpg,24
1591976.jpg,24
1178011.jpg,24
0957883.jpg,24
2192006.jpg,24
1691816.jpg,24
1898311.jpg,24
0847415.jpg,24
1351643.jpg,24
0649605.jpg,24
2058107.jpg,24
0454592.jpg,24
1172324.jpg,24
1281985.jpg,24
2173352.jpg,24
1940832.jpg,24
1288222.jpg,24
1838645.jpg,24
2246817.jpg,24
1903505.jpg,24
0383395.jpg,24
1222076.jpg,24
0959262.jpg,24
1169718.jpg,24
2170860.jpg,24
1603711.jpg,92
2135681.jpg,92
1658297.jpg,92
1605921.jpg,92
1650403.jpg,92
1261973.jpg,92
2160776.jpg,92
1583942.jpg,92
1482541.jpg,92
1278141.jpg,92
0856817.jpg,92
1711191.jpg,92
2048410.jpg,92
2202486.jpg,92
2203115.jpg,92
1234236.jpg,92
2162060.jpg,92
1281757.jpg,92
2114202.jpg,92
1104662.jpg,92
1502611.jpg,92
1646015.jpg,92
1770844.jpg,92
2266584.jpg,92
2073469.jpg,92
2061717.jpg,92
2014222.jpg,92
2200433.jpg,92
2014220.jpg,92
1681420.jpg,92
2081787.jpg,92
1747769.jpg,92
1623436.jpg,92
1663727.jpg,92
1377516.jpg,92
2232220.jpg,92
1328048.jpg,92
0966761.jpg,92
1935836.jpg,92
1804775.jpg,92
1328043.jpg,92
1656420.jpg,92
2117401.jpg,92
2136870.jpg,92
1592281.jpg,92
1291917.jpg,92
1305696.jpg,92
2071199.jpg,92
2258360.jpg,92
1795992.jpg,92
1909087.jpg,92
1606023.jpg,92
2156770.jpg,92
2200978.jpg,92
1853929.jpg,92
1558179.jpg,92
2072391.jpg,92
1606276.jpg,92
2074712.jpg,92
1589831.jpg,92
2148310.jpg,92
1329261.jpg,92
1695007.jpg,92
2038561.jpg,92
2263166.jpg,92
1306689.jpg,92
2233941.jpg,92
1560399.jpg,92
1658296.jpg,92
2037389.jpg,92
2144149.jpg,92
1605922.jpg,92
2148743.jpg,92
2123466.jpg,92
1771266.jpg,92
1323647.jpg,92
1627409.jpg,92
1538918.jpg,92
1927265.jpg,92
1673599.jpg,92
1625091.jpg,92
2265511.jpg,92
2018707.jpg,92
1636570.jpg,92
1849793.jpg,92
1168408.jpg,92
1598048.jpg,92
2072464.jpg,92
2065042.jpg,92
1853950.jpg,92
1979665.jpg,92
2177217.jpg,92
1476645.jpg,92
2006049.jpg,92
1465151.jpg,92
1658839.jpg,92
2151715.jpg,92
1713365.jpg,92
1468767.jpg,92
2143595.jpg,92
1072668.jpg,47
1923371.jpg,47
1711195.jpg,47
1249912.jpg,47
1647142.jpg,47
1221755.jpg,47
1028490.jpg,47
1172360.jpg,47
1488620.jpg,47
1103952.jpg,47
2157114.jpg,47
1287207.jpg,47
2243572.jpg,47
1338515.jpg,47
1502612.jpg,47
2244487.jpg,47
1683150.jpg,47
0564217.jpg,47
2072465.jpg,47
0896106.jpg,47
0974654.jpg,47
1125619.jpg,47
0509496.jpg,47
2259104.jpg,47
0890644.jpg,47
1340401.jpg,47
1709268.jpg,47
1739298.jpg,47
2180098.jpg,47
0747557.jpg,47
0743928.jpg,47
1726480.jpg,47
1126597.jpg,47
0109652.jpg,47
1215240.jpg,47
2256592.jpg,47
1302049.jpg,47
1539453.jpg,47
2212872.jpg,47
1340439.jpg,47
2195299.jpg,47
1385866.jpg,47
2089196.jpg,47
1126465.jpg,47
2105993.jpg,47
1828911.jpg,47
1507992.jpg,47
2122883.jpg,47
0847262.jpg,47
2009841.jpg,47
1380030.jpg,47
1103399.jpg,47
1418848.jpg,47
1838250.jpg,47
0974653.jpg,47
2047835.jpg,47
1961974.jpg,47
1250251.jpg,47
1574874.jpg,47
1638972.jpg,47
2189999.jpg,47
2144600.jpg,47
1126460.jpg,47
1718146.jpg,47
1882639.jpg,47
1845164.jpg,47
1605923.jpg,47
1560636.jpg,47
1396258.jpg,47
2172533.jpg,47
1726922.jpg,47
1892613.jpg,47
1956487.jpg,47
1217074.jpg,47
1658851.jpg,47
1829871.jpg,47
0744300.jpg,47
1194001.jpg,47
1324595.jpg,47
2111679.jpg,47
1093290.jpg,47
1125994.jpg,47
1731827.jpg,47
1283206.jpg,47
2072892.jpg,47
1955377.jpg,47
1357987.jpg,47
1170071.jpg,47
2240083.jpg,47
1928115.jpg,47
1164982.jpg,47
1623632.jpg,47
1495768.jpg,47
1690728.jpg,47
0779327.jpg,47
1395799.jpg,47
0544844.jpg,47
1703860.jpg,47
1103400.jpg,47
2204066.jpg,47
0985789.jpg,52
0709877.jpg,52
0677584.jpg,52
0218850.jpg,52
0847480.jpg,52
0523171.jpg,52
1707735.jpg,52
0901369.jpg,52
0102237.jpg,52
1153404.jpg,52
1195442.jpg,52
0720225.jpg,52
0136197.jpg,52
0195749.jpg,52
0734099.jpg,52
1288663.jpg,52
1523895.jpg,52
0610689.jpg,52
0894321.jpg,52
0538339.jpg,52
0895290.jpg,52
1523369.jpg,52
1344995.jpg,52
0209555.jpg,52
1031474.jpg,52
0065834.jpg,52
0968446.jpg,52
0062226.jpg,52
0478314.jpg,52
0880572.jpg,52
0171956.jpg,52
1627560.jpg,52
0114448.jpg,52
0318420.jpg,52
0092976.jpg,52
0894317.jpg,52
0523172.jpg,52
0262015.jpg,52
0136479.jpg,52
0498307.jpg,52
0822345.jpg,52
0176007.jpg,52
1187429.jpg,52
1133613.jpg,52
0331432.jpg,52
0771162.jpg,52
0062224.jpg,52
1461267.jpg,52
0118660.jpg,52
0064928.jpg,52
0218836.jpg,52
0396537.jpg,52
0488493.jpg,52
1358858.jpg,52
1283842.jpg,52
0586536.jpg,52
1389040.jpg,52
1569045.jpg,52
0869729.jpg,52
0484863.jpg,52
0066978.jpg,52
0062696.jpg,52
1050681.jpg,52
0993489.jpg,52
0808956.jpg,52
1093670.jpg,52
1614860.jpg,52
0091257.jpg,52
0043890.jpg,52
0065207.jpg,52
0678983.jpg,52
0536340.jpg,52
0333816.jpg,52
0205769.jpg,52
0574287.jpg,52
0923550.jpg,52
1002749.jpg,52
0063838.jpg,52
1448066.jpg,52
0143351.jpg,52
0136174.jpg,52
1363954.jpg,52
1314181.jpg,52
0487317.jpg,52
1089016.jpg,52
0143354.jpg,52
0187248.jpg,52
1113208.jpg,52
1190656.jpg,52
0066521.jpg,52
0677579.jpg,52
0901363.jpg,52
1013524.jpg,52
1017202.jpg,52
0894213.jpg,52
0450544.jpg,52
0536338.jpg,52
0063059.jpg,52
0568803.jpg,52
0540272.jpg,52
0618968.jpg,77
0069769.jpg,77
1386629.jpg,77
1383407.jpg,77
0337282.jpg,77
1117692.jpg,77
0467550.jpg,77
2253229.jpg,77
2259847.jpg,77
1260869.jpg,77
1290983.jpg,77
1298772.jpg,77
0953561.jpg,77
1036870.jpg,77
1519453.jpg,77
0127633.jpg,77
1958825.jpg,77
1756560.jpg,77
1124999.jpg,77
1099957.jpg,77
0066425.jpg,77
1132238.jpg,77
1200336.jpg,77
0062695.jpg,77
1261342.jpg,77
0812097.jpg,77
1426513.jpg,77
1562161.jpg,77
0927837.jpg,77
0134595.jpg,77
2106315.jpg,77
0454779.jpg,77
1879896.jpg,77
1382259.jpg,77
1286165.jpg,77
0694467.jpg,77
1252081.jpg,77
0447439.jpg,77
0302868.jpg,77
0177659.jpg,77
0688080.jpg,77
1252312.jpg,77
0233763.jpg,77
1266357.jpg,77
1741108.jpg,77
0454781.jpg,77
0697384.jpg,77
1535955.jpg,77
0114438.jpg,77
1620800.jpg,77
0136152.jpg,77
0911624.jpg,77
0487362.jpg,77
1693646.jpg,77
0803547.jpg,77
1945418.jpg,77
0945011.jpg,77
1137745.jpg,77
0257664.jpg,77
0939577.jpg,77
0663844.jpg,77
1269007.jpg,77
1137703.jpg,77
2142244.jpg,77
0979614.jpg,77
0123332.jpg,77
2259848.jpg,77
1730963.jpg,77
0458625.jpg,77
1578336.jpg,77
0487379.jpg,77
1407349.jpg,77
0952377.jpg,77
0744239.jpg,77
0497539.jpg,77
0384109.jpg,77
1539458.jpg,77
1891657.jpg,77
0923501.jpg,77
0561949.jpg,77
1036873.jpg,77
0115064.jpg,77
0067031.jpg,77
1115299.jpg,77
0225206.jpg,77
0550328.jpg,77
1312101.jpg,77
0143349.jpg,77
0114414.jpg,77
0901515.jpg,77
2097522.jpg,77
0576234.jpg,77
0945369.jpg,77
1117094.jpg,77
1204728.jpg,77
2175631.jpg,77
0856823.jpg,77
0892223.jpg,77
1127319.jpg,77
1206350.jpg,77
0440694.jpg,51
1053532.jpg,51
0637453.jpg,51
1099168.jpg,51
1312523.jpg,51
0905853.jpg,51
1846149.jpg,51
1062392.jpg,51
0239592.jpg,51
1527514.jpg,51
0043892.jpg,51
1806211.jpg,51
1685190.jpg,51
1071955.jpg,51
2091949.jpg,51
1254187.jpg,51
1833885.jpg,51
1447563.jpg,51
1341992.jpg,51
2137132.jpg,51
2162362.jpg,51
1037167.jpg,51
1468807.jpg,51
2045491.jpg,51
1387066.jpg,51
1398927.jpg,51
1966540.jpg,51
1943166.jpg,51
1995036.jpg,51
1341989.jpg,51
0781272.jpg,51
2072257.jpg,51
1132237.jpg,51
0979466.jpg,51
1032300.jpg,51
0543347.jpg,51
0295861.jpg,51
2137086.jpg,51
1458765.jpg,51
2117475.jpg,51
1523342.jpg,51
1098395.jpg,51
1779689.jpg,51
1062013.jpg,51
1644651.jpg,51
1425171.jpg,51
1958057.jpg,51
0992259.jpg,51
2032665.jpg,51
2106189.jpg,51
1426351.jpg,51
0864982.jpg,51
2149502.jpg,51
0501286.jpg,51
1878990.jpg,51
1940904.jpg,51
1693795.jpg,51
1806221.jpg,51
2206626.jpg,51
0241566.jpg,51
1899100.jpg,51
1312882.jpg,51
1079421.jpg,51
1987429.jpg,51
2231255.jpg,51
1361462.jpg,51
1363740.jpg,51
0126141.jpg,51
2045488.jpg,51
1230221.jpg,51
1379044.jpg,51
0781083.jpg,51
1364299.jpg,51
1240939.jpg,51
2185923.jpg,51
1275786.jpg,51
2169120.jpg,51
0780417.jpg,51
0571575.jpg,51
2033052.jpg,51
1069042.jpg,51
0988971.jpg,51
0683594.jpg,51
0789676.jpg,51
1223342.jpg,51
0065328.jpg,51
1468661.jpg,51
1028854.jpg,51
1023005.jpg,51
1444712.jpg,51
1853951.jpg,51
0525849.jpg,51
0909856.jpg,51
1151616.jpg,51
1423648.jpg,51
0705082.jpg,51
1158365.jpg,51
1394145.jpg,51
2213541.jpg,51
1522559.jpg,51
2004745.jpg,59
0773536.jpg,59
2008455.jpg,59
2003456.jpg,59
1943367.jpg,59
2096269.jpg,59
1992245.jpg,59
1991750.jpg,59
1449320.jpg,59
1900936.jpg,59
0735020.jpg,59
1023007.jpg,59
1053560.jpg,59
1999875.jpg,59
1998935.jpg,59
0540390.jpg,59
2010325.jpg,59
1384617.jpg,59
1158572.jpg,59
0843965.jpg,59
1992133.jpg,59
1997802.jpg,59
0734769.jpg,59
0302001.jpg,59
0848059.jpg,59
1158573.jpg,59
2005091.jpg,59
2008454.jpg,59
2000356.jpg,59
1992126.jpg,59
2010474.jpg,59
0687278.jpg,59
0777090.jpg,59
1974570.jpg,59
1992674.jpg,59
1053135.jpg,59
0554600.jpg,59
0875356.jpg,59
0923270.jpg,59
0440147.jpg,59
0879887.jpg,59
0995278.jpg,59
0478903.jpg,59
2011623.jpg,59
1992688.jpg,59
1053463.jpg,59
0735021.jpg,59
0879889.jpg,59
1053484.jpg,59
0749918.jpg,59
2197331.jpg,59
2003459.jpg,59
0454829.jpg,59
1169898.jpg,59
1043764.jpg,59
1061155.jpg,59
2107240.jpg,59
0713822.jpg,59
0606126.jpg,59
0875327.jpg,59
2015169.jpg,59
0735017.jpg,59
2084816.jpg,59
0545025.jpg,59
1998936.jpg,59
1999302.jpg,59
0076795.jpg,59
2005735.jpg,59
0908027.jpg,59
1043782.jpg,59
2003458.jpg,59
1053502.jpg,59
1008467.jpg,59
0303914.jpg,59
1997544.jpg,59
2004744.jpg,59
2220794.jpg,59
1992125.jpg,59
0738985.jpg,59
2066356.jpg,59
1252819.jpg,59
0712752.jpg,59
1173007.jpg,59
0564318.jpg,59
0302877.jpg,59
2006288.jpg,59
0182103.jpg,59
0338375.jpg,59
1009081.jpg,59
1991742.jpg,59
1977444.jpg,59
0857553.jpg,59
2008338.jpg,59
1999441.jpg,59
2002994.jpg,59
0913620.jpg,59
1992617.jpg,59
0735947.jpg,59
2005736.jpg,59
0734890.jpg,59
2222405.jpg,35
2072219.jpg,35
0064891.jpg,35
1864787.jpg,35
2080563.jpg,35
1459120.jpg,35
0155603.jpg,35
2206628.jpg,35
1408802.jpg,35
1542796.jpg,35
2132459.jpg,35
0732747.jpg,35
1838529.jpg,35
0447777.jpg,35
2096267.jpg,35
1798654.jpg,35
0783933.jpg,35
0454747.jpg,35
1325112.jpg,35
1539422.jpg,35
1336451.jpg,35
0332910.jpg,35
0182178.jpg,35
1256475.jpg,35
2018709.jpg,35
1223346.jpg,35
2262511.jpg,35
1681022.jpg,35
0614080.jpg,35
0136161.jpg,35
1521101.jpg,35
0957905.jpg,35
1251240.jpg,35
1323664.jpg,35
1362504.jpg,35
2222658.jpg,35
1459119.jpg,35
0923718.jpg,35
1088361.jpg,35
1469673.jpg,35
1329193.jpg,35
0973264.jpg,35
1354666.jpg,35
0740888.jpg,35
1906339.jpg,35
2188370.jpg,35
1352223.jpg,35
1017808.jpg,35
1216150.jpg,35
2188608.jpg,35
0804455.jpg,35
1239791.jpg,35
2259107.jpg,35
1941841.jpg,35
1102455.jpg,35
0952519.jpg,35
1157334.jpg,35
0434350.jpg,35
0458677.jpg,35
1899261.jpg,35
0114435.jpg,35
1806057.jpg,35
1230396.jpg,35
2187804.jpg,35
1037436.jpg,35
1992926.jpg,35
0907304.jpg,35
2072271.jpg,35
1842068.jpg,35
0109458.jpg,35
0921924.jpg,35
1253449.jpg,35
0302719.jpg,35
1471166.jpg,35
1901216.jpg,35
1113454.jpg,35
0155611.jpg,35
1912972.jpg,35
1629114.jpg,35
1381988.jpg,35
1318533.jpg,35
2196365.jpg,35
2125186.jpg,35
2184062.jpg,35
0136180.jpg,35
1004978.jpg,35
0931109.jpg,35
2191964.jpg,35
1323666.jpg,35
0483586.jpg,35
1022616.jpg,35
0688078.jpg,35
1222169.jpg,35
0193711.jpg,35
0177480.jpg,35
1358696.jpg,35
1950558.jpg,35
0683605.jpg,35
2218547.jpg,35
0182732.jpg,35
0789704.jpg,48
0323097.jpg,48
0602762.jpg,48
0304640.jpg,48
1146070.jpg,48
0796297.jpg,48
2116123.jpg,48
0184369.jpg,48
0995399.jpg,48
1146069.jpg,48
1043800.jpg,48
1337501.jpg,48
0979649.jpg,48
1017972.jpg,48
2096268.jpg,48
1036821.jpg,48
1337502.jpg,48
1785533.jpg,48
1769168.jpg,48
0279893.jpg,48
0851157.jpg,48
1347237.jpg,48
1911423.jpg,48
0809454.jpg,48
1156006.jpg,48
0362903.jpg,48
0816285.jpg,48
1345203.jpg,48
1449582.jpg,48
0175724.jpg,48
1337511.jpg,48
1540297.jpg,48
0302987.jpg,48
0301977.jpg,48
1356129.jpg,48
0302294.jpg,48
1186594.jpg,48
1785528.jpg,48
1340985.jpg,48
1564950.jpg,48
1053453.jpg,48
1050592.jpg,48
0098072.jpg,48
1031457.jpg,48
0852553.jpg,48
1338354.jpg,48
0963959.jpg,48
1339029.jpg,48
1737504.jpg,48
0302006.jpg,48
0659387.jpg,48
0337957.jpg,48
0488486.jpg,48
0082499.jpg,48
1036820.jpg,48
1349926.jpg,48
1155836.jpg,48
1344064.jpg,48
2150934.jpg,48
0080532.jpg,48
1043786.jpg,48
1379981.jpg,48
0306456.jpg,48
0155816.jpg,48
1968337.jpg,48
1158402.jpg,48
1169300.jpg,48
1606037.jpg,48
2259451.jpg,48
1526601.jpg,48
1217071.jpg,48
1259623.jpg,48
1308317.jpg,48
1525673.jpg,48
1158363.jpg,48
0979612.jpg,48
2111853.jpg,48
1510644.jpg,48
2100018.jpg,48
0492475.jpg,48
1969049.jpg,48
0078400.jpg,48
1337428.jpg,48
2239587.jpg,48
0302204.jpg,48
2151013.jpg,48
2107238.jpg,48
1382000.jpg,48
0523033.jpg,48
0761960.jpg,48
2067268.jpg,48
0157278.jpg,48
2139351.jpg,48
1031503.jpg,48
1215875.jpg,48
1340613.jpg,48
1158325.jpg,48
1926830.jpg,48
0082500.jpg,48
1767276.jpg,48
1418227.jpg,20
2044875.jpg,20
1936431.jpg,20
1787739.jpg,20
1330831.jpg,20
2106885.jpg,20
2221303.jpg,20
2130084.jpg,20
2081094.jpg,20
2013756.jpg,20
1496408.jpg,20
1790501.jpg,20
2244063.jpg,20
1505793.jpg,20
1810920.jpg,20
1891190.jpg,20
2119860.jpg,20
2069690.jpg,20
1627991.jpg,20
0123344.jpg,20
2204922.jpg,20
2104765.jpg,20
2044277.jpg,20
2035343.jpg,20
1606745.jpg,20
1246993.jpg,20
1557747.jpg,20
1763802.jpg,20
2029861.jpg,20
1913641.jpg,20
1604058.jpg,20
1191065.jpg,20
1606594.jpg,20
1779647.jpg,20
1545067.jpg,20
1783026.jpg,20
1857207.jpg,20
2239630.jpg,20
2094380.jpg,20
1307312.jpg,20
2239816.jpg,20
2015492.jpg,20
1915069.jpg,20
1646217.jpg,20
2191092.jpg,20
1709112.jpg,20
1910714.jpg,20
1864995.jpg,20
2218526.jpg,20
1661603.jpg,20
0939993.jpg,20
2124079.jpg,20
1091648.jpg,20
0381610.jpg,20
1555557.jpg,20
1099212.jpg,20
1942551.jpg,20
1583389.jpg,20
1429301.jpg,20
1303532.jpg,20
1620516.jpg,20
2066138.jpg,20
1650311.jpg,20
2234654.jpg,20
1922917.jpg,20
0897884.jpg,20
2060563.jpg,20
0637452.jpg,20
1823530.jpg,20
0885092.jpg,20
2083822.jpg,20
2226247.jpg,20
1860127.jpg,20
1551732.jpg,20
2094475.jpg,20
1398649.jpg,20
2251121.jpg,20
1418226.jpg,20
1379395.jpg,20
1179713.jpg,20
2243952.jpg,20
1997314.jpg,20
1718901.jpg,20
1818832.jpg,20
1728005.jpg,20
1870557.jpg,20
1105732.jpg,20
0846636.jpg,20
1914684.jpg,20
1700930.jpg,20
2035598.jpg,20
1630525.jpg,20
1984373.jpg,20
1230443.jpg,20
1603124.jpg,20
2225263.jpg,20
2026614.jpg,20
1919891.jpg,20
1760948.jpg,20
2234645.jpg,20
0127034.jpg,87
2174787.jpg,87
1429258.jpg,87
1447977.jpg,87
1265380.jpg,87
0321715.jpg,87
1517885.jpg,87
2259899.jpg,87
0109457.jpg,87
0478967.jpg,87
1204180.jpg,87
0193728.jpg,87
1364623.jpg,87
0418704.jpg,87
0116701.jpg,87
0782915.jpg,87
0056589.jpg,87
1772017.jpg,87
1265320.jpg,87
0187233.jpg,87
1279903.jpg,87
1004662.jpg,87
0480708.jpg,87
0205785.jpg,87
1467694.jpg,87
0361614.jpg,87
1383342.jpg,87
1227256.jpg,87
1014380.jpg,87
1389125.jpg,87
2001287.jpg,87
0068814.jpg,87
0193729.jpg,87
1396728.jpg,87
1500490.jpg,87
1495242.jpg,87
0957050.jpg,87
1198431.jpg,87
0302320.jpg,87
2021865.jpg,87
0523047.jpg,87
1231212.jpg,87
0257369.jpg,87
1141849.jpg,87
1950537.jpg,87
0740891.jpg,87
1272696.jpg,87
1227201.jpg,87
0522863.jpg,87
1177369.jpg,87
0421146.jpg,87
0996406.jpg,87
1355493.jpg,87
0064621.jpg,87
0771899.jpg,87
0924092.jpg,87
0089230.jpg,87
0176108.jpg,87
0418691.jpg,87
1461262.jpg,87
2067974.jpg,87
1966299.jpg,87
0944995.jpg,87
1455912.jpg,87
0422705.jpg,87
1351205.jpg,87
2026729.jpg,87
2194203.jpg,87
1589252.jpg,87
0255295.jpg,87
0742025.jpg,87
2021840.jpg,87
0977340.jpg,87
1783575.jpg,87
0756253.jpg,87
1026719.jpg,87
1197109.jpg,87
0078427.jpg,87
1426711.jpg,87
1194590.jpg,87
0984407.jpg,87
0880568.jpg,87
1099443.jpg,87
1551551.jpg,87
1283328.jpg,87
0487359.jpg,87
0874951.jpg,87
1519495.jpg,87
0337279.jpg,87
1063410.jpg,87
2115316.jpg,87
0817414.jpg,87
0136383.jpg,87
1292318.jpg,87
0174941.jpg,87
0866092.jpg,87
0435307.jpg,87
0114427.jpg,87
0716452.jpg,87
0197002.jpg,87
1607382.jpg,23
0934705.jpg,23
1312250.jpg,23
2098098.jpg,23
1351410.jpg,23
1945366.jpg,23
1165189.jpg,23
1255446.jpg,23
1539428.jpg,23
1058491.jpg,23
1117069.jpg,23
1380336.jpg,23
0481842.jpg,23
1227531.jpg,23
1658655.jpg,23
1909808.jpg,23
1639831.jpg,23
1056320.jpg,23
1296212.jpg,23
1355236.jpg,23
1385121.jpg,23
1814161.jpg,23
2210075.jpg,23
1871272.jpg,23
1869981.jpg,23
1864330.jpg,23
1355481.jpg,23
1376172.jpg,23
1165384.jpg,23
1103086.jpg,23
1191117.jpg,23
2090080.jpg,23
1396939.jpg,23
1688325.jpg,23
1981975.jpg,23
1417184.jpg,23
1356441.jpg,23
1277619.jpg,23
1249553.jpg,23
0519448.jpg,23
0458784.jpg,23
1327557.jpg,23
1686856.jpg,23
1503763.jpg,23
1375490.jpg,23
2066357.jpg,23
1546041.jpg,23
1368866.jpg,23
1151759.jpg,23
0505611.jpg,23
0905532.jpg,23
1539524.jpg,23
1590785.jpg,23
0559493.jpg,23
1921281.jpg,23
1302677.jpg,23
0381607.jpg,23
2260089.jpg,23
1534209.jpg,23
2166004.jpg,23
0694275.jpg,23
1060487.jpg,23
1943370.jpg,23
1298765.jpg,23
1932555.jpg,23
1293223.jpg,23
2168374.jpg,23
1113895.jpg,23
1535566.jpg,23
1910729.jpg,23
1663628.jpg,23
2239589.jpg,23
1707575.jpg,23
1552592.jpg,23
1882508.jpg,23
1393354.jpg,23
1927186.jpg,23
1813838.jpg,23
0864663.jpg,23
2164953.jpg,23
2173639.jpg,23
1335573.jpg,23
1222822.jpg,23
1055199.jpg,23
2033184.jpg,23
1723838.jpg,23
1093247.jpg,23
1185069.jpg,23
0527682.jpg,23
1069925.jpg,23
0695327.jpg,23
1252026.jpg,23
1537100.jpg,23
1055149.jpg,23
0923888.jpg,23
1242658.jpg,23
1570498.jpg,23
1807932.jpg,23
0939541.jpg,23
1810937.jpg,23
1025794.jpg,0
1340192.jpg,0
0056978.jpg,0
0698580.jpg,0
0450014.jpg,0
1042824.jpg,0
0894380.jpg,0
1427680.jpg,0
0817494.jpg,0
0716386.jpg,0
0951982.jpg,0
0731614.jpg,0
0582363.jpg,0
1082409.jpg,0
2031775.jpg,0
0950991.jpg,0
0869722.jpg,0
0979376.jpg,0
1002439.jpg,0
0864665.jpg,0
1207591.jpg,0
0582372.jpg,0
0729223.jpg,0
1319365.jpg,0
0548719.jpg,0
0577855.jpg,0
1423583.jpg,0
1187431.jpg,0
0610657.jpg,0
0869742.jpg,0
0687610.jpg,0
1042021.jpg,0
0482761.jpg,0
0064933.jpg,0
0481847.jpg,0
0810608.jpg,0
1514481.jpg,0
0887066.jpg,0
1318819.jpg,0
0624128.jpg,0
0602177.jpg,0
1148180.jpg,0
1346004.jpg,0
1288661.jpg,0
0760910.jpg,0
0113201.jpg,0
0923884.jpg,0
0987261.jpg,0
0536511.jpg,0
0732667.jpg,0
0901498.jpg,0
0631897.jpg,0
1193587.jpg,0
0198101.jpg,0
1017179.jpg,0
1068565.jpg,0
0063435.jpg,0
0732410.jpg,0
0536721.jpg,0
1518652.jpg,0
1009831.jpg,0
0062781.jpg,0
0458781.jpg,0
1514484.jpg,0
0869692.jpg,0
1152266.jpg,0
1199327.jpg,0
1514522.jpg,0
0747566.jpg,0
1008575.jpg,0
0717480.jpg,0
0991569.jpg,0
1446335.jpg,0
1345732.jpg,0
0064932.jpg,0
1453508.jpg,0
0536515.jpg,0
0809560.jpg,0
0812092.jpg,0
0979377.jpg,0
0062765.jpg,0
1191359.jpg,0
0894381.jpg,0
0574359.jpg,0
0447936.jpg,0
0658110.jpg,0
0725155.jpg,0
0691159.jpg,0
1707891.jpg,0
1338874.jpg,0
0812908.jpg,0
1187784.jpg,0
0895165.jpg,0
0197342.jpg,0
0789828.jpg,0
0602227.jpg,0
2127935.jpg,0
0869739.jpg,0
0939480.jpg,0
0537688.jpg,0
0890939.jpg,38
0573944.jpg,38
0936618.jpg,38
0809054.jpg,38
1331909.jpg,38
0917712.jpg,38
0647819.jpg,38
0136162.jpg,38
0062260.jpg,38
1352225.jpg,38
0134597.jpg,38
0570801.jpg,38
1313666.jpg,38
0350203.jpg,38
0918736.jpg,38
0077518.jpg,38
1336071.jpg,38
0758359.jpg,38
1983851.jpg,38
0167122.jpg,38
1829586.jpg,38
0517105.jpg,38
0420194.jpg,38
0273083.jpg,38
1289187.jpg,38
1541390.jpg,38
0523168.jpg,38
0890662.jpg,38
1758701.jpg,38
1104208.jpg,38
0065577.jpg,38
1918305.jpg,38
1188038.jpg,38
0136167.jpg,38
0447928.jpg,38
2209469.jpg,38
1386630.jpg,38
1549188.jpg,38
1147741.jpg,38
1386611.jpg,38
1541387.jpg,38
0412779.jpg,38
1100462.jpg,38
1255434.jpg,38
1465365.jpg,38
1223418.jpg,38
1310734.jpg,38
0273090.jpg,38
0344066.jpg,38
1902199.jpg,38
0923572.jpg,38
0397442.jpg,38
0546606.jpg,38
1385122.jpg,38
2009852.jpg,38
0134592.jpg,38
0691667.jpg,38
0272510.jpg,38
1210459.jpg,38
0942162.jpg,38
0447746.jpg,38
1288665.jpg,38
0711013.jpg,38
1759353.jpg,38
1296822.jpg,38
2161023.jpg,38
1631130.jpg,38
0324852.jpg,38
1950528.jpg,38
1288673.jpg,38
1417568.jpg,38
0963962.jpg,38
1486401.jpg,38
0094398.jpg,38
0586973.jpg,38
1740617.jpg,38
1008176.jpg,38
0136185.jpg,38
2147406.jpg,38
1415721.jpg,38
0894206.jpg,38
1407350.jpg,38
0356192.jpg,38
2007883.jpg,38
0076782.jpg,38
0799585.jpg,38
1941995.jpg,38
1259710.jpg,38
1637445.jpg,38
2107214.jpg,38
1414866.jpg,38
0814348.jpg,38
0808883.jpg,38
1966243.jpg,38
1103334.jpg,38
0694269.jpg,38
1152152.jpg,38
1169470.jpg,38
0462061.jpg,38
1312740.jpg,38
1102381.jpg,25
0090861.jpg,25
1221957.jpg,25
0147032.jpg,25
0232377.jpg,25
2057952.jpg,25
0857653.jpg,25
0115072.jpg,25
1641331.jpg,25
0367794.jpg,25
0304209.jpg,25
2261957.jpg,25
1586478.jpg,25
1833079.jpg,25
1008426.jpg,25
0205775.jpg,25
0237111.jpg,25
1553898.jpg,25
2152856.jpg,25
0829997.jpg,25
0075759.jpg,25
1389257.jpg,25
0625402.jpg,25
2137087.jpg,25
0274254.jpg,25
2236969.jpg,25
1293019.jpg,25
1110808.jpg,25
0849417.jpg,25
0973290.jpg,25
0523031.jpg,25
0257282.jpg,25
2096354.jpg,25
0807860.jpg,25
1683877.jpg,25
0324847.jpg,25
1966244.jpg,25
0188550.jpg,25
0907383.jpg,25
0195003.jpg,25
0959452.jpg,25
1401587.jpg,25
0923532.jpg,25
2163061.jpg,25
1732549.jpg,25
0501890.jpg,25
0694463.jpg,25
1536390.jpg,25
0792199.jpg,25
0328062.jpg,25
0582370.jpg,25
1296189.jpg,25
2008530.jpg,25
1942914.jpg,25
1267078.jpg,25
1320095.jpg,25
0953521.jpg,25
1573348.jpg,25
1980084.jpg,25
0851314.jpg,25
1370959.jpg,25
1001811.jpg,25
1603592.jpg,25
1729160.jpg,25
2213523.jpg,25
1358695.jpg,25
1176949.jpg,25
1396941.jpg,25
1109377.jpg,25
1597449.jpg,25
1211309.jpg,25
0412223.jpg,25
0894324.jpg,25
1739566.jpg,25
1551668.jpg,25
1458698.jpg,25
0067618.jpg,25
1876402.jpg,25
1139750.jpg,25
1471543.jpg,25
0784484.jpg,25
0668444.jpg,25
1659448.jpg,25
0523219.jpg,25
0676942.jpg,25
1470663.jpg,25
0225210.jpg,25
1885833.jpg,25
0957899.jpg,25
2186944.jpg,25
2211026.jpg,25
0361109.jpg,25
1662015.jpg,25
0699565.jpg,25
0688076.jpg,25
1768872.jpg,25
0716437.jpg,25
1878567.jpg,25
0802263.jpg,25
1036863.jpg,25
1818747.jpg,9
1016538.jpg,9
2071807.jpg,9
2047628.jpg,9
1910716.jpg,9
0722225.jpg,9
0292868.jpg,9
1874495.jpg,9
1313348.jpg,9
1476615.jpg,9
1052314.jpg,9
1921783.jpg,9
1353293.jpg,9
1001620.jpg,9
1639843.jpg,9
1361120.jpg,9
0641165.jpg,9
0200422.jpg,9
1189521.jpg,9
0383399.jpg,9
1774010.jpg,9
0840357.jpg,9
1471544.jpg,9
1246918.jpg,9
1948449.jpg,9
0443884.jpg,9
0723572.jpg,9
1582314.jpg,9
0522872.jpg,9
0476825.jpg,9
1133077.jpg,9
0223783.jpg,9
1842042.jpg,9
1326767.jpg,9
2195500.jpg,9
1456775.jpg,9
1339052.jpg,9
1748132.jpg,9
1906352.jpg,9
0273141.jpg,9
0437933.jpg,9
1526476.jpg,9
1884992.jpg,9
2169127.jpg,9
0192179.jpg,9
0179021.jpg,9
2089355.jpg,9
1429709.jpg,9
0864570.jpg,9
0936143.jpg,9
2002223.jpg,9
1521763.jpg,9
0276022.jpg,9
0311908.jpg,9
0221294.jpg,9
0331279.jpg,9
1106339.jpg,9
1918372.jpg,9
0227126.jpg,9
2215834.jpg,9
2233944.jpg,9
0727254.jpg,9
1018862.jpg,9
0671304.jpg,9
0732162.jpg,9
1718867.jpg,9
0837340.jpg,9
1398526.jpg,9
1668558.jpg,9
1291783.jpg,9
0987802.jpg,9
0305545.jpg,9
1879110.jpg,9
0218852.jpg,9
0582863.jpg,9
1356890.jpg,9
1771959.jpg,9
1768538.jpg,9
0701628.jpg,9
2191957.jpg,9
0522819.jpg,9
1251519.jpg,9
1577934.jpg,9
1419049.jpg,9
0174054.jpg,9
0514744.jpg,9
1354835.jpg,9
2238661.jpg,9
1795553.jpg,9
0275806.jpg,9
1529574.jpg,9
0496901.jpg,9
1133684.jpg,9
1662032.jpg,9
0467798.jpg,9
1365786.jpg,9
2145082.jpg,9
2218546.jpg,9
2133249.jpg,9
2230427.jpg,9
2066265.jpg,49
1737573.jpg,49
1767578.jpg,49
1936341.jpg,49
0466917.jpg,49
1351592.jpg,49
1646257.jpg,49
2073069.jpg,49
2066882.jpg,49
0093500.jpg,49
1774335.jpg,49
1768891.jpg,49
1675548.jpg,49
1601572.jpg,49
1878581.jpg,49
1681554.jpg,49
1050675.jpg,49
2040355.jpg,49
1921500.jpg,49
1806229.jpg,49
1135961.jpg,49
1060984.jpg,49
1066523.jpg,49
1824499.jpg,49
1694806.jpg,49
1807111.jpg,49
1560577.jpg,49
1882581.jpg,49
1818166.jpg,49
1047759.jpg,49
1686421.jpg,49
1550758.jpg,49
1960029.jpg,49
0312600.jpg,49
0757653.jpg,49
1716441.jpg,49
0820657.jpg,49
0543868.jpg,49
1444715.jpg,49
1784313.jpg,49
1614283.jpg,49
1363679.jpg,49
1281574.jpg,49
2091976.jpg,49
1964097.jpg,49
1312504.jpg,49
0451379.jpg,49
1338261.jpg,49
1369872.jpg,49
2030169.jpg,49
1363681.jpg,49
0845899.jpg,49
1148185.jpg,49
1839351.jpg,49
1395880.jpg,49
1234244.jpg,49
1849797.jpg,49
1605960.jpg,49
1313354.jpg,49
1964929.jpg,49
1214893.jpg,49
1468401.jpg,49
0411918.jpg,49
1719897.jpg,49
1774353.jpg,49
1349012.jpg,49
0713915.jpg,49
2018768.jpg,49
1927638.jpg,49
2190740.jpg,49
1861737.jpg,49
1889566.jpg,49
1381998.jpg,49
1095184.jpg,49
1796970.jpg,49
1762803.jpg,49
1046468.jpg,49
2190848.jpg,49
2266336.jpg,49
1305611.jpg,49
1967054.jpg,49
1308404.jpg,49
1807114.jpg,49
0796349.jpg,49
1806227.jpg,49
1476061.jpg,49
2228978.jpg,49
2072231.jpg,49
1561986.jpg,49
1769000.jpg,49
1468399.jpg,49
0859229.jpg,49
1304344.jpg,49
1655252.jpg,49
2013386.jpg,49
1480422.jpg,49
2161158.jpg,49
1310123.jpg,49
2135566.jpg,49
1124590.jpg,49
0564013.jpg,54
1036701.jpg,54
1723103.jpg,54
0538259.jpg,54
0554933.jpg,54
0564624.jpg,54
0539186.jpg,54
0548883.jpg,54
0280174.jpg,54
0730399.jpg,54
1335215.jpg,54
1418871.jpg,54
0568994.jpg,54
0773019.jpg,54
0920945.jpg,54
0796296.jpg,54
0586041.jpg,54
1763588.jpg,54
0489934.jpg,54
1588561.jpg,54
0554716.jpg,54
0598378.jpg,54
1316961.jpg,54
0091297.jpg,54
0564009.jpg,54
1527556.jpg,54
1036806.jpg,54
0920422.jpg,54
1945292.jpg,54
1601486.jpg,54
0174896.jpg,54
1767100.jpg,54
0586769.jpg,54
0593152.jpg,54
1541799.jpg,54
0564292.jpg,54
0636196.jpg,54
0875351.jpg,54
0726795.jpg,54
1739564.jpg,54
1292392.jpg,54
1308267.jpg,54
0457892.jpg,54
0613605.jpg,54
0564261.jpg,54
1443542.jpg,54
1243372.jpg,54
0144930.jpg,54
2003504.jpg,54
0441010.jpg,54
0768399.jpg,54
0551913.jpg,54
0734984.jpg,54
0989093.jpg,54
0062694.jpg,54
0545061.jpg,54
1258646.jpg,54
1454166.jpg,54
1324867.jpg,54
0950562.jpg,54
1323009.jpg,54
1831582.jpg,54
0545060.jpg,54
1226979.jpg,54
1776807.jpg,54
0606403.jpg,54
0647463.jpg,54
1316035.jpg,54
0725711.jpg,54
0727631.jpg,54
1292390.jpg,54
0619977.jpg,54
0725666.jpg,54
1762224.jpg,54
0554928.jpg,54
0554640.jpg,54
0548478.jpg,54
0956802.jpg,54
0563866.jpg,54
2121969.jpg,54
0576250.jpg,54
0950429.jpg,54
0545058.jpg,54
0538371.jpg,54
1338873.jpg,54
0554718.jpg,54
1785545.jpg,54
1456007.jpg,54
1517850.jpg,54
1937368.jpg,54
0730398.jpg,54
0620009.jpg,54
0102560.jpg,54
1568883.jpg,54
0547008.jpg,54
0648034.jpg,54
0438668.jpg,54
0901533.jpg,54
0539791.jpg,54
1316960.jpg,54
1035114.jpg,36
1619921.jpg,36
1962770.jpg,36
1270710.jpg,36
0764132.jpg,36
0732118.jpg,36
1184706.jpg,36
0523179.jpg,36
1274803.jpg,36
0765604.jpg,36
1052986.jpg,36
0885174.jpg,36
1884753.jpg,36
1486550.jpg,36
1581712.jpg,36
0850835.jpg,36
1291973.jpg,36
1163810.jpg,36
0572863.jpg,36
0523148.jpg,36
1376795.jpg,36
1008572.jpg,36
0656580.jpg,36
1099167.jpg,36
0738259.jpg,36
1173947.jpg,36
0852361.jpg,36
0127649.jpg,36
0793020.jpg,36
0799596.jpg,36
0582365.jpg,36
0920951.jpg,36
2259875.jpg,36
1124054.jpg,36
1413805.jpg,36
0792092.jpg,36
1639638.jpg,36
0562112.jpg,36
0852135.jpg,36
1154492.jpg,36
1327556.jpg,36
1146225.jpg,36
0760541.jpg,36
0786221.jpg,36
0737370.jpg,36
1178738.jpg,36
0727974.jpg,36
1075855.jpg,36
0114447.jpg,36
0920421.jpg,36
1291069.jpg,36
0522933.jpg,36
0842400.jpg,36
2120028.jpg,36
0764133.jpg,36
0751326.jpg,36
1545983.jpg,36
0582364.jpg,36
1198418.jpg,36
0694760.jpg,36
1098896.jpg,36
0738252.jpg,36
0978815.jpg,36
0735977.jpg,36
0483570.jpg,36
0901375.jpg,36
1698606.jpg,36
1525661.jpg,36
0103329.jpg,36
1144556.jpg,36
0737315.jpg,36
0767799.jpg,36
0592094.jpg,36
0490170.jpg,36
1335478.jpg,36
1691785.jpg,36
0894379.jpg,36
0755283.jpg,36
0918727.jpg,36
0812906.jpg,36
0811680.jpg,36
0987259.jpg,36
1119088.jpg,36
0878583.jpg,36
1018992.jpg,36
0756079.jpg,36
1273373.jpg,36
1639639.jpg,36
1314034.jpg,36
1332980.jpg,36
0738255.jpg,36
0645934.jpg,36
0988940.jpg,36
0483241.jpg,36
1581651.jpg,36
0582373.jpg,36
0737371.jpg,36
0582376.jpg,36
1448054.jpg,36
0814904.jpg,36
1280724.jpg,86
0875323.jpg,86
2111015.jpg,86
1630052.jpg,86
1193890.jpg,86
1553820.jpg,86
0926108.jpg,86
0843963.jpg,86
1095342.jpg,86
1636453.jpg,86
0072368.jpg,86
0944254.jpg,86
0127050.jpg,86
1875195.jpg,86
0923715.jpg,86
0665003.jpg,86
1036880.jpg,86
0702840.jpg,86
1341849.jpg,86
0063272.jpg,86
1398764.jpg,86
1676760.jpg,86
0198130.jpg,86
1320161.jpg,86
2217838.jpg,86
1605240.jpg,86
0704265.jpg,86
1258526.jpg,86
0923503.jpg,86
0950428.jpg,86
1197194.jpg,86
1421262.jpg,86
1208470.jpg,86
0130600.jpg,86
1338725.jpg,86
0288121.jpg,86
1474100.jpg,86
0918627.jpg,86
1287636.jpg,86
1288666.jpg,86
1107746.jpg,86
1857209.jpg,86
1603265.jpg,86
1763810.jpg,86
1111461.jpg,86
1095671.jpg,86
0570736.jpg,86
0556341.jpg,86
1377031.jpg,86
0250136.jpg,86
1311620.jpg,86
1059777.jpg,86
0691273.jpg,86
0114428.jpg,86
0091323.jpg,86
0439775.jpg,86
0979648.jpg,86
0939544.jpg,86
1782678.jpg,86
0521359.jpg,86
1870031.jpg,86
2206145.jpg,86
0851298.jpg,86
0523250.jpg,86
0198447.jpg,86
1605065.jpg,86
2013771.jpg,86
0338178.jpg,86
0929790.jpg,86
1355228.jpg,86
1469839.jpg,86
1310046.jpg,86
1373071.jpg,86
1221605.jpg,86
1149056.jpg,86
0255360.jpg,86
0921024.jpg,86
0176138.jpg,86
0955444.jpg,86
0171387.jpg,86
0447810.jpg,86
0233762.jpg,86
1996875.jpg,86
2248944.jpg,86
2116518.jpg,86
0222915.jpg,86
0167802.jpg,86
0151656.jpg,86
1251237.jpg,86
0950436.jpg,86
1113446.jpg,86
1467698.jpg,86
0979472.jpg,86
0132979.jpg,86
0328522.jpg,86
1705400.jpg,86
0821363.jpg,86
1291370.jpg,86
1386647.jpg,86
0866586.jpg,86
0522830.jpg,12
1099216.jpg,12
0963590.jpg,12
1365495.jpg,12
1879895.jpg,12
0098489.jpg,12
1097975.jpg,12
0454746.jpg,12
2147232.jpg,12
1259556.jpg,12
0487374.jpg,12
2221713.jpg,12
1202048.jpg,12
1325476.jpg,12
0090864.jpg,12
0894208.jpg,12
0367768.jpg,12
0766954.jpg,12
0876439.jpg,12
0983542.jpg,12
1356102.jpg,12
1284239.jpg,12
0336925.jpg,12
0939497.jpg,12
0785021.jpg,12
0065292.jpg,12
1389219.jpg,12
0859029.jpg,12
1387195.jpg,12
1398832.jpg,12
1226606.jpg,12
1828267.jpg,12
0744234.jpg,12
0950401.jpg,12
2218009.jpg,12
0476814.jpg,12
1132269.jpg,12
0980094.jpg,12
1616394.jpg,12
2148651.jpg,12
1256683.jpg,12
0788467.jpg,12
0856020.jpg,12
0574284.jpg,12
0681539.jpg,12
1169799.jpg,12
1292370.jpg,12
1544177.jpg,12
1895995.jpg,12
0167090.jpg,12
0179059.jpg,12
0458674.jpg,12
0562338.jpg,12
0980191.jpg,12
0710666.jpg,12
0981462.jpg,12
0271186.jpg,12
1623631.jpg,12
1206755.jpg,12
0447773.jpg,12
0181732.jpg,12
1695918.jpg,12
1149855.jpg,12
0569010.jpg,12
0114454.jpg,12
1094264.jpg,12
0167114.jpg,12
0143388.jpg,12
0183641.jpg,12
0487369.jpg,12
1161004.jpg,12
0894166.jpg,12
1137626.jpg,12
1409250.jpg,12
0727357.jpg,12
0426810.jpg,12
0946798.jpg,12
0693511.jpg,12
1469918.jpg,12
0751008.jpg,12
1329664.jpg,12
0880576.jpg,12
1663953.jpg,12
0181737.jpg,12
0894385.jpg,12
0063295.jpg,12
0959346.jpg,12
1106454.jpg,12
0066420.jpg,12
1145204.jpg,12
1305520.jpg,12
0064924.jpg,12
1864991.jpg,12
0948344.jpg,12
1149068.jpg,12
1619901.jpg,12
1124247.jpg,12
1647303.jpg,12
1836113.jpg,12
0181726.jpg,12
1344994.jpg,91
2074640.jpg,91
1423432.jpg,91
0745799.jpg,91
1482540.jpg,91
2228410.jpg,91
0748614.jpg,91
2176031.jpg,91
1798545.jpg,91
1311406.jpg,91
1021870.jpg,91
1161939.jpg,91
0791201.jpg,91
0104814.jpg,91
1414282.jpg,91
1116484.jpg,91
2114201.jpg,91
1593589.jpg,91
2186728.jpg,91
1593381.jpg,91
1906969.jpg,91
1679468.jpg,91
1119554.jpg,91
1626894.jpg,91
2210244.jpg,91
0793692.jpg,91
1179294.jpg,91
1254451.jpg,91
1405302.jpg,91
2243578.jpg,91
1303982.jpg,91
1507344.jpg,91
1151769.jpg,91
1034887.jpg,91
2173577.jpg,91
0768287.jpg,91
1112646.jpg,91
1304025.jpg,91
0403850.jpg,91
1217239.jpg,91
1852270.jpg,91
1977631.jpg,91
0102242.jpg,91
1472400.jpg,91
1726550.jpg,91
1405368.jpg,91
1913914.jpg,91
1267520.jpg,91
1560573.jpg,91
1161284.jpg,91
0104863.jpg,91
0869956.jpg,91
1170309.jpg,91
0544848.jpg,91
2151653.jpg,91
1287238.jpg,91
2259257.jpg,91
1269238.jpg,91
1148553.jpg,91
1159084.jpg,91
1326096.jpg,91
1329898.jpg,91
0749919.jpg,91
1302842.jpg,91
1503448.jpg,91
1485655.jpg,91
1747768.jpg,91
1673633.jpg,91
2262617.jpg,91
1646253.jpg,91
0996666.jpg,91
0779048.jpg,91
0879367.jpg,91
1188309.jpg,91
1928766.jpg,91
1254806.jpg,91
0100263.jpg,91
1231580.jpg,91
1534326.jpg,91
1490907.jpg,91
0885590.jpg,91
2153672.jpg,91
0192630.jpg,91
1374624.jpg,91
1398419.jpg,91
1465113.jpg,91
1667002.jpg,91
1739709.jpg,91
1066879.jpg,91
1216713.jpg,91
1090095.jpg,91
1451197.jpg,91
1307739.jpg,91
1282206.jpg,91
1581472.jpg,91
1010412.jpg,91
0509495.jpg,91
1646930.jpg,91
1767221.jpg,91
1292176.jpg,91
1019011.jpg,1
0732456.jpg,1
0218039.jpg,1
2223757.jpg,1
0983618.jpg,1
1327285.jpg,1
0065840.jpg,1
0980196.jpg,1
0995286.jpg,1
1514487.jpg,1
0213505.jpg,1
1459191.jpg,1
1063986.jpg,1
0056337.jpg,1
0409532.jpg,1
0771164.jpg,1
0632010.jpg,1
0901504.jpg,1
0063052.jpg,1
0143080.jpg,1
1089989.jpg,1
0907359.jpg,1
0875281.jpg,1
1197395.jpg,1
1149060.jpg,1
1059846.jpg,1
0786258.jpg,1
1512865.jpg,1
0523223.jpg,1
1115308.jpg,1
1739565.jpg,1
0994986.jpg,1
0193983.jpg,1
1426527.jpg,1
0275719.jpg,1
1188390.jpg,1
1862134.jpg,1
0482763.jpg,1
0345994.jpg,1
0063291.jpg,1
1298905.jpg,1
1446378.jpg,1
0689276.jpg,1
1691787.jpg,1
0321755.jpg,1
0582367.jpg,1
0907378.jpg,1
0879892.jpg,1
0730793.jpg,1
0939607.jpg,1
0275123.jpg,1
0994960.jpg,1
0638654.jpg,1
0699599.jpg,1
0356165.jpg,1
0063113.jpg,1
0907364.jpg,1
0740881.jpg,1
0314131.jpg,1
0745103.jpg,1
0250399.jpg,1
0075758.jpg,1
0901521.jpg,1
0147047.jpg,1
0875317.jpg,1
1036881.jpg,1
0048341.jpg,1
0116175.jpg,1
0704269.jpg,1
1192237.jpg,1
1169900.jpg,1
0328235.jpg,1
0923507.jpg,1
0306187.jpg,1
0907384.jpg,1
0064005.jpg,1
0907370.jpg,1
1337431.jpg,1
0061581.jpg,1
1338360.jpg,1
2208641.jpg,1
0218041.jpg,1
0907433.jpg,1
0694478.jpg,1
0699286.jpg,1
1713236.jpg,1
1047756.jpg,1
0256039.jpg,1
2021695.jpg,1
0907405.jpg,1
0724783.jpg,1
1215395.jpg,1
0920409.jpg,1
1833887.jpg,1
0713927.jpg,1
0538261.jpg,1
0109655.jpg,1
1639641.jpg,1
0457894.jpg,1
0846103.jpg,1
1449103.jpg,80
2245399.jpg,80
1276727.jpg,80
1833904.jpg,80
1345040.jpg,80
0851156.jpg,80
2088351.jpg,80
1943356.jpg,80
1195689.jpg,80
1311421.jpg,80
2170301.jpg,80
1100739.jpg,80
1498679.jpg,80
1054081.jpg,80
1093824.jpg,80
1092415.jpg,80
0977899.jpg,80
1410102.jpg,80
1410104.jpg,80
1111016.jpg,80
0497639.jpg,80
0497894.jpg,80
1680778.jpg,80
0072480.jpg,80
1700389.jpg,80
0514738.jpg,80
1113385.jpg,80
2136369.jpg,80
1198329.jpg,80
1857541.jpg,80
1379818.jpg,80
0447806.jpg,80
2197895.jpg,80
0365250.jpg,80
1158579.jpg,80
1311998.jpg,80
1163859.jpg,80
0755287.jpg,80
1895474.jpg,80
1430027.jpg,80
0391532.jpg,80
2069535.jpg,80
1244006.jpg,80
1162893.jpg,80
1980576.jpg,80
1244285.jpg,80
1901003.jpg,80
2102999.jpg,80
0696943.jpg,80
0497637.jpg,80
0994751.jpg,80
0041419.jpg,80
1806237.jpg,80
1064717.jpg,80
2232991.jpg,80
2234509.jpg,80
0805841.jpg,80
0796442.jpg,80
0136240.jpg,80
0302209.jpg,80
2236389.jpg,80
1030324.jpg,80
1846144.jpg,80
1391858.jpg,80
1888254.jpg,80
0869712.jpg,80
1685202.jpg,80
1645736.jpg,80
0918179.jpg,80
1125617.jpg,80
1081565.jpg,80
1698699.jpg,80
0492490.jpg,80
1354235.jpg,80
1903311.jpg,80
1425231.jpg,80
1500676.jpg,80
1565325.jpg,80
0958065.jpg,80
1622762.jpg,80
2180164.jpg,80
1173014.jpg,80
0606801.jpg,80
1985180.jpg,80
2106207.jpg,80
1066524.jpg,80
0764239.jpg,80
2023598.jpg,80
1362533.jpg,80
1455400.jpg,80
1088415.jpg,80
0543870.jpg,80
1686317.jpg,80
0890827.jpg,80
1385093.jpg,80
2160088.jpg,80
2099873.jpg,80
1425707.jpg,80
1614686.jpg,80
0795231.jpg,80
2162376.jpg,95
1072329.jpg,95
2043843.jpg,95
1173868.jpg,95
1767079.jpg,95
2181546.jpg,95
1729159.jpg,95
0930260.jpg,95
1969068.jpg,95
1754084.jpg,95
1759217.jpg,95
1174379.jpg,95
1409353.jpg,95
0713693.jpg,95
1376343.jpg,95
1250763.jpg,95
1115131.jpg,95
1373249.jpg,95
0597780.jpg,95
1735417.jpg,95
1252832.jpg,95
2171883.jpg,95
1778957.jpg,95
1170135.jpg,95
0876577.jpg,95
1450568.jpg,95
2132425.jpg,95
1560883.jpg,95
2162372.jpg,95
0752004.jpg,95
1576955.jpg,95
0902419.jpg,95
2042721.jpg,95
1468752.jpg,95
0746672.jpg,95
1195238.jpg,95
1914549.jpg,95
2094376.jpg,95
1968443.jpg,95
1779626.jpg,95
2013047.jpg,95
1307364.jpg,95
0882696.jpg,95
0851614.jpg,95
1688961.jpg,95
1352316.jpg,95
1958055.jpg,95
1539227.jpg,95
1035348.jpg,95
0940709.jpg,95
1241545.jpg,95
1567021.jpg,95
1685685.jpg,95
1299225.jpg,95
2232330.jpg,95
1859309.jpg,95
2156189.jpg,95
1237254.jpg,95
1570137.jpg,95
1607960.jpg,95
1744537.jpg,95
0940910.jpg,95
2132955.jpg,95
1684410.jpg,95
0761093.jpg,95
2118977.jpg,95
1743122.jpg,95
2211016.jpg,95
0880060.jpg,95
1578664.jpg,95
2043684.jpg,95
2156226.jpg,95
1832165.jpg,95
0881972.jpg,95
1967993.jpg,95
1180306.jpg,95
1117178.jpg,95
2131704.jpg,95
1106369.jpg,95
0877086.jpg,95
1887787.jpg,95
1135019.jpg,95
1237253.jpg,95
2151483.jpg,95
1898052.jpg,95
1485890.jpg,95
2046587.jpg,95
1859259.jpg,95
1251385.jpg,95
0881971.jpg,95
1723907.jpg,95
1167955.jpg,95
2041565.jpg,95
0912525.jpg,95
0881964.jpg,95
1244763.jpg,95
1384345.jpg,95
2106824.jpg,95
0717614.jpg,95
1859059.jpg,95
1427112.jpg,28
0301964.jpg,28
1444739.jpg,28
0100207.jpg,28
1753661.jpg,28
0684608.jpg,28
1258138.jpg,28
0675670.jpg,28
0457177.jpg,28
1467620.jpg,28
2109389.jpg,28
1936773.jpg,28
2162934.jpg,28
1885667.jpg,28
1027573.jpg,28
0496970.jpg,28
1795156.jpg,28
1939758.jpg,28
1251253.jpg,28
1531355.jpg,28
1584962.jpg,28
0857160.jpg,28
2241971.jpg,28
2171767.jpg,28
1979066.jpg,28
2147234.jpg,28
0175819.jpg,28
1864988.jpg,28
1540121.jpg,28
0714155.jpg,28
2041415.jpg,28
1146174.jpg,28
0824047.jpg,28
1091802.jpg,28
1931268.jpg,28
1840140.jpg,28
1584007.jpg,28
1139794.jpg,28
1182369.jpg,28
2157387.jpg,28
2120026.jpg,28
2161155.jpg,28
2244548.jpg,28
1950555.jpg,28
2173791.jpg,28
2191962.jpg,28
1921652.jpg,28
2132138.jpg,28
1336049.jpg,28
1396737.jpg,28
0980635.jpg,28
2115115.jpg,28
0744232.jpg,28
2170027.jpg,28
1842062.jpg,28
2184071.jpg,28
0454744.jpg,28
1933930.jpg,28
2211104.jpg,28
2084967.jpg,28
2195679.jpg,28
1545070.jpg,28
2252349.jpg,28
1211875.jpg,28
1725804.jpg,28
1926825.jpg,28
0470833.jpg,28
1547722.jpg,28
1925949.jpg,28
0328368.jpg,28
1396726.jpg,28
1894690.jpg,28
1985096.jpg,28
1966252.jpg,28
1283779.jpg,28
2140540.jpg,28
0065291.jpg,28
2225269.jpg,28
1500991.jpg,28
1320344.jpg,28
0249916.jpg,28
1604652.jpg,28
0487330.jpg,28
1952115.jpg,28
1910575.jpg,28
2234653.jpg,28
1616511.jpg,28
2120031.jpg,28
1427275.jpg,28
1149067.jpg,28
0460482.jpg,28
0819081.jpg,28
0517745.jpg,28
2103081.jpg,28
1855285.jpg,28
1591877.jpg,28
1037982.jpg,28
2250823.jpg,28
1952832.jpg,28
0846181.jpg,28
1630487.jpg,40
1355201.jpg,40
0202466.jpg,40
1326007.jpg,40
0169310.jpg,40
0048340.jpg,40
1455997.jpg,40
1043369.jpg,40
0447803.jpg,40
1564412.jpg,40
1355200.jpg,40
1772155.jpg,40
1548200.jpg,40
0356149.jpg,40
1036822.jpg,40
1540395.jpg,40
0179022.jpg,40
0636482.jpg,40
0063286.jpg,40
0751325.jpg,40
1239223.jpg,40
1376991.jpg,40
1094916.jpg,40
0299647.jpg,40
0147028.jpg,40
0957980.jpg,40
1052486.jpg,40
0174885.jpg,40
1422830.jpg,40
1484700.jpg,40
1018861.jpg,40
1713232.jpg,40
0064904.jpg,40
1546119.jpg,40
0186424.jpg,40
0574352.jpg,40
1158571.jpg,40
0129326.jpg,40
1018464.jpg,40
1530087.jpg,40
0118429.jpg,40
0063289.jpg,40
0067473.jpg,40
1031460.jpg,40
0939509.jpg,40
2141016.jpg,40
2067975.jpg,40
2100530.jpg,40
0139711.jpg,40
1641831.jpg,40
1311978.jpg,40
0127503.jpg,40
0048339.jpg,40
1522816.jpg,40
0066979.jpg,40
0104856.jpg,40
0454535.jpg,40
1355211.jpg,40
0091405.jpg,40
1341843.jpg,40
0067392.jpg,40
0848067.jpg,40
1192657.jpg,40
1879805.jpg,40
0440128.jpg,40
0457850.jpg,40
0172093.jpg,40
0495198.jpg,40
1776868.jpg,40
0935361.jpg,40
0457849.jpg,40
1094607.jpg,40
0175726.jpg,40
0337963.jpg,40
0127621.jpg,40
0457880.jpg,40
0362870.jpg,40
0091357.jpg,40
0306188.jpg,40
0126154.jpg,40
0082497.jpg,40
0067035.jpg,40
0457881.jpg,40
0337959.jpg,40
0302935.jpg,40
0263496.jpg,40
1341837.jpg,40
1592286.jpg,40
1767102.jpg,40
1355218.jpg,40
1337523.jpg,40
1415430.jpg,40
0770350.jpg,40
0730396.jpg,40
1312418.jpg,40
1036862.jpg,40
0227120.jpg,40
0592099.jpg,40
0396119.jpg,40
1129974.jpg,40
2057965.jpg,74
1385076.jpg,74
1198138.jpg,74
0154349.jpg,74
2044258.jpg,74
1795562.jpg,74
1943176.jpg,74
0990061.jpg,74
1154703.jpg,74
1311585.jpg,74
2139321.jpg,74
1412287.jpg,74
1846142.jpg,74
1560576.jpg,74
1906084.jpg,74
1795170.jpg,74
2036174.jpg,74
0468262.jpg,74
0781154.jpg,74
2097519.jpg,74
2090707.jpg,74
2119147.jpg,74
1013061.jpg,74
0547519.jpg,74
1296886.jpg,74
0081864.jpg,74
0848170.jpg,74
1864276.jpg,74
1194597.jpg,74
1355436.jpg,74
1931136.jpg,74
1907482.jpg,74
1824515.jpg,74
1451428.jpg,74
1724036.jpg,74
0994752.jpg,74
1158249.jpg,74
0550495.jpg,74
1479680.jpg,74
1046884.jpg,74
1725769.jpg,74
1024161.jpg,74
1216468.jpg,74
1026503.jpg,74
1943159.jpg,74
1330443.jpg,74
1753611.jpg,74
1158825.jpg,74
1521239.jpg,74
1676596.jpg,74
1993814.jpg,74
2127863.jpg,74
2266334.jpg,74
1531944.jpg,74
1361455.jpg,74
1144107.jpg,74
1943366.jpg,74
1346589.jpg,74
1228462.jpg,74
1716407.jpg,74
2127942.jpg,74
1686427.jpg,74
1209677.jpg,74
0948003.jpg,74
1626934.jpg,74
1778960.jpg,74
1320915.jpg,74
0757651.jpg,74
1616391.jpg,74
1258577.jpg,74
1973254.jpg,74
1382002.jpg,74
0973382.jpg,74
1889569.jpg,74
1158575.jpg,74
1236365.jpg,74
1046908.jpg,74
1743336.jpg,74
1201875.jpg,74
1283645.jpg,74
1095664.jpg,74
1418775.jpg,74
1938067.jpg,74
2035396.jpg,74
1223416.jpg,74
2104253.jpg,74
1355813.jpg,74
2223316.jpg,74
1425610.jpg,74
1714324.jpg,74
1364327.jpg,74
0741747.jpg,74
0841849.jpg,74
0945365.jpg,74
1942913.jpg,74
1236413.jpg,74
2178627.jpg,74
0927431.jpg,74
0440127.jpg,74
2137097.jpg,74
0257025.jpg,8
0788947.jpg,8
1852201.jpg,8
0713745.jpg,8
0422707.jpg,8
0443893.jpg,8
0706175.jpg,8
0988468.jpg,8
2099419.jpg,8
0781150.jpg,8
1913792.jpg,8
1043795.jpg,8
0977350.jpg,8
1561334.jpg,8
1390305.jpg,8
1692197.jpg,8
1237622.jpg,8
1385341.jpg,8
2122829.jpg,8
1470793.jpg,8
1136124.jpg,8
0081597.jpg,8
1712591.jpg,8
1885830.jpg,8
1320110.jpg,8
2137130.jpg,8
1806234.jpg,8
0900469.jpg,8
2002333.jpg,8
2239287.jpg,8
0710454.jpg,8
0694546.jpg,8
1375368.jpg,8
1594736.jpg,8
1598898.jpg,8
2236971.jpg,8
0097108.jpg,8
0875563.jpg,8
1244287.jpg,8
1603035.jpg,8
1236463.jpg,8
1285916.jpg,8
1190718.jpg,8
1573352.jpg,8
0188557.jpg,8
1637438.jpg,8
0395615.jpg,8
0274621.jpg,8
0944245.jpg,8
1662016.jpg,8
2021834.jpg,8
1252037.jpg,8
1067929.jpg,8
0428239.jpg,8
0684565.jpg,8
2124349.jpg,8
1545691.jpg,8
0740885.jpg,8
1146034.jpg,8
0957896.jpg,8
1036818.jpg,8
1398924.jpg,8
1338983.jpg,8
1987009.jpg,8
0302036.jpg,8
1663377.jpg,8
2236183.jpg,8
1261350.jpg,8
1085719.jpg,8
0257552.jpg,8
1142906.jpg,8
1318450.jpg,8
2229397.jpg,8
0391437.jpg,8
0325574.jpg,8
0147057.jpg,8
1931271.jpg,8
1899099.jpg,8
1935750.jpg,8
0457841.jpg,8
1337849.jpg,8
2195493.jpg,8
2147231.jpg,8
1616720.jpg,8
2067982.jpg,8
1459210.jpg,8
1403158.jpg,8
0074246.jpg,8
1355815.jpg,8
1146021.jpg,8
1538844.jpg,8
2236964.jpg,8
1421021.jpg,8
0973167.jpg,8
2198761.jpg,8
2207626.jpg,8
1881962.jpg,8
1535044.jpg,8
1016570.jpg,8
0857549.jpg,8
0845910.jpg,78
2189987.jpg,78
1704824.jpg,78
1299601.jpg,78
0418567.jpg,78
1204183.jpg,78
1681635.jpg,78
1379781.jpg,78
1044385.jpg,78
1385519.jpg,78
0842533.jpg,78
1190655.jpg,78
1240934.jpg,78
1521758.jpg,78
0467450.jpg,78
1772014.jpg,78
0192624.jpg,78
1626921.jpg,78
1558572.jpg,78
1361692.jpg,78
1540816.jpg,78
0136150.jpg,78
1789443.jpg,78
1329309.jpg,78
0989702.jpg,78
0394154.jpg,78
1893205.jpg,78
1296002.jpg,78
1521075.jpg,78
0872249.jpg,78
2209492.jpg,78
1148895.jpg,78
0792288.jpg,78
0525838.jpg,78
2009533.jpg,78
0329378.jpg,78
1248148.jpg,78
1207599.jpg,78
0507656.jpg,78
2230925.jpg,78
0469133.jpg,78
1591336.jpg,78
0807954.jpg,78
0973166.jpg,78
1323008.jpg,78
1822336.jpg,78
1099308.jpg,78
1966168.jpg,78
2164771.jpg,78
1152126.jpg,78
0167063.jpg,78
0858585.jpg,78
2028343.jpg,78
0517626.jpg,78
1725773.jpg,78
2070659.jpg,78
0062651.jpg,78
0143363.jpg,78
0517893.jpg,78
1674735.jpg,78
0483582.jpg,78
1053710.jpg,78
0250112.jpg,78
0872422.jpg,78
1596398.jpg,78
0136191.jpg,78
0558296.jpg,78
2243379.jpg,78
0428259.jpg,78
1313340.jpg,78
1007850.jpg,78
1825883.jpg,78
0064919.jpg,78
1560605.jpg,78
1385467.jpg,78
1000027.jpg,78
1314535.jpg,78
0761965.jpg,78
1997674.jpg,78
1103350.jpg,78
1107750.jpg,78
1261752.jpg,78
0955770.jpg,78
0848172.jpg,78
0078141.jpg,78
1409946.jpg,78
0445578.jpg,78
0792175.jpg,78
1640693.jpg,78
1092252.jpg,78
0443952.jpg,78
1503577.jpg,78
1129248.jpg,78
0870094.jpg,78
0901157.jpg,78
0325518.jpg,78
0070035.jpg,78
2078845.jpg,78
0973158.jpg,78
1163454.jpg,78
0154392.jpg,67
0483246.jpg,67
0880595.jpg,67
1239225.jpg,67
1168799.jpg,67
1244620.jpg,67
1597903.jpg,67
0074371.jpg,67
0999159.jpg,67
1695911.jpg,67
0097758.jpg,67
0897305.jpg,67
0618977.jpg,67
0184373.jpg,67
1407503.jpg,67
0448054.jpg,67
1776805.jpg,67
0697383.jpg,67
0275110.jpg,67
2006024.jpg,67
0488514.jpg,67
1757785.jpg,67
1222195.jpg,67
0136148.jpg,67
0979652.jpg,67
0202431.jpg,67
1390673.jpg,67
0316509.jpg,67
0457890.jpg,67
0492538.jpg,67
0350200.jpg,67
1519466.jpg,67
0143079.jpg,67
0977239.jpg,67
0916252.jpg,67
0257668.jpg,67
1397531.jpg,67
1785639.jpg,67
0572859.jpg,67
0485222.jpg,67
1246986.jpg,67
1600063.jpg,67
0098189.jpg,67
1031472.jpg,67
0236032.jpg,67
0202418.jpg,67
0127045.jpg,67
1377238.jpg,67
2179973.jpg,67
1182363.jpg,67
0413335.jpg,67
0488504.jpg,67
1143418.jpg,67
1004908.jpg,67
1341820.jpg,67
0398754.jpg,67
0921998.jpg,67
2160660.jpg,67
0447772.jpg,67
2122310.jpg,67
0936107.jpg,67
0151664.jpg,67
1716010.jpg,67
1252133.jpg,67
1414838.jpg,67
0174049.jpg,67
1157233.jpg,67
1594735.jpg,67
1103348.jpg,67
0657816.jpg,67
0881386.jpg,67
0850831.jpg,67
0574357.jpg,67
1966263.jpg,67
0911625.jpg,67
1255661.jpg,67
1347334.jpg,67
2070644.jpg,67
0573365.jpg,67
0072617.jpg,67
0275905.jpg,67
0338316.jpg,67
1226558.jpg,67
1776806.jpg,67
1170134.jpg,67
0091361.jpg,67
0169635.jpg,67
0400394.jpg,67
0977345.jpg,67
1511412.jpg,67
1149051.jpg,67
0885624.jpg,67
0996456.jpg,67
0334474.jpg,67
0066281.jpg,67
1407531.jpg,67
0067037.jpg,67
1253530.jpg,67
0525387.jpg,67
1338346.jpg,67
1899111.jpg,3
0069776.jpg,3
0569402.jpg,3
1538841.jpg,3
0830001.jpg,3
1323729.jpg,3
0799595.jpg,3
1110775.jpg,3
1393334.jpg,3
0728390.jpg,3
0907408.jpg,3
1396876.jpg,3
0492497.jpg,3
0097935.jpg,3
1691783.jpg,3
0278443.jpg,3
0090868.jpg,3
1927313.jpg,3
0178292.jpg,3
0114409.jpg,3
0986161.jpg,3
1295999.jpg,3
1879894.jpg,3
1564774.jpg,3
0097577.jpg,3
0074247.jpg,3
2115318.jpg,3
0687267.jpg,3
0748299.jpg,3
1251289.jpg,3
1560581.jpg,3
0848057.jpg,3
0066279.jpg,3
2080684.jpg,3
1062304.jpg,3
2227920.jpg,3
0907357.jpg,3
0697376.jpg,3
0061307.jpg,3
1227019.jpg,3
1955376.jpg,3
1539459.jpg,3
0574350.jpg,3
0184350.jpg,3
0944166.jpg,3
2046004.jpg,3
0706281.jpg,3
0062667.jpg,3
0894219.jpg,3
0248336.jpg,3
1258703.jpg,3
2127975.jpg,3
0335667.jpg,3
1426565.jpg,3
0965611.jpg,3
2248581.jpg,3
2031394.jpg,3
0547087.jpg,3
0383456.jpg,3
0704549.jpg,3
1852170.jpg,3
0517631.jpg,3
1118224.jpg,3
1730435.jpg,3
1018935.jpg,3
1146236.jpg,3
1222203.jpg,3
0448049.jpg,3
0357873.jpg,3
1196360.jpg,3
0218033.jpg,3
0395652.jpg,3
1320676.jpg,3
1100234.jpg,3
2067870.jpg,3
0681541.jpg,3
0133440.jpg,3
0218801.jpg,3
1298958.jpg,3
0746112.jpg,3
0953559.jpg,3
0545210.jpg,3
1043473.jpg,3
0894189.jpg,3
0447745.jpg,3
1682001.jpg,3
0522856.jpg,3
1456004.jpg,3
0460770.jpg,3
1115297.jpg,3
0653804.jpg,3
2221342.jpg,3
1363673.jpg,3
1352205.jpg,3
0882609.jpg,3
1446516.jpg,3
1615914.jpg,3
1958758.jpg,3
1810855.jpg,3
2126017.jpg,3
1637519.jpg,61
0127501.jpg,61
2125161.jpg,61
2191947.jpg,61
2147230.jpg,61
0822062.jpg,61
2171042.jpg,61
1188112.jpg,61
1219389.jpg,61
2264968.jpg,61
0062697.jpg,61
0763430.jpg,61
1656419.jpg,61
2251230.jpg,61
1121273.jpg,61
1714818.jpg,61
1736150.jpg,61
1144436.jpg,61
0136179.jpg,61
1043793.jpg,61
0460483.jpg,61
2106882.jpg,61
0383680.jpg,61
0732415.jpg,61
1548444.jpg,61
1870570.jpg,61
1043724.jpg,61
1538836.jpg,61
0979645.jpg,61
1465203.jpg,61
1444145.jpg,61
0835324.jpg,61
1709677.jpg,61
2205027.jpg,61
1043727.jpg,61
0250398.jpg,61
1618134.jpg,61
0977358.jpg,61
0177656.jpg,61
1043776.jpg,61
2191959.jpg,61
0302002.jpg,61
2088459.jpg,61
0872421.jpg,61
1143606.jpg,61
1119082.jpg,61
1961226.jpg,61
0069771.jpg,61
0595602.jpg,61
1605117.jpg,61
0885597.jpg,61
1059775.jpg,61
1675546.jpg,61
1443525.jpg,61
0868108.jpg,61
2205704.jpg,61
1445108.jpg,61
0193709.jpg,61
1714824.jpg,61
2243615.jpg,61
2187803.jpg,61
1467687.jpg,61
1694849.jpg,61
1600342.jpg,61
1253533.jpg,61
1902313.jpg,61
1426511.jpg,61
0229943.jpg,61
1983628.jpg,61
1300481.jpg,61
1146067.jpg,61
1351312.jpg,61
2009849.jpg,61
0066278.jpg,61
1225610.jpg,61
0688075.jpg,61
0799381.jpg,61
0836152.jpg,61
1784213.jpg,61
1291373.jpg,61
2032655.jpg,61
2163949.jpg,61
2213539.jpg,61
2256413.jpg,61
1837424.jpg,61
2169125.jpg,61
2147235.jpg,61
0255361.jpg,61
0485221.jpg,61
0302924.jpg,61
1600892.jpg,61
0457863.jpg,61
1053554.jpg,61
0522866.jpg,61
0413905.jpg,61
1143419.jpg,61
2219553.jpg,61
0256999.jpg,61
1885840.jpg,61
1326471.jpg,61
1390114.jpg,94
0136485.jpg,94
1939689.jpg,94
0347754.jpg,94
1754871.jpg,94
2222402.jpg,94
1785635.jpg,94
1399587.jpg,94
0562555.jpg,94
0098085.jpg,94
0977012.jpg,94
1989990.jpg,94
1444742.jpg,94
1559316.jpg,94
1550162.jpg,94
0740887.jpg,94
1977817.jpg,94
0114415.jpg,94
0680474.jpg,94
0437932.jpg,94
0517786.jpg,94
0129325.jpg,94
1092038.jpg,94
1543285.jpg,94
1714819.jpg,94
1054267.jpg,94
1895223.jpg,94
0187239.jpg,94
0924085.jpg,94
0085330.jpg,94
0435273.jpg,94
1668966.jpg,94
0257380.jpg,94
0145542.jpg,94
1053460.jpg,94
0469667.jpg,94
1620908.jpg,94
1861474.jpg,94
0167061.jpg,94
0698730.jpg,94
0276023.jpg,94
2141937.jpg,94
0219261.jpg,94
0410634.jpg,94
1303943.jpg,94
1210455.jpg,94
0917396.jpg,94
1256726.jpg,94
1542460.jpg,94
1330701.jpg,94
1119086.jpg,94
1850446.jpg,94
1230276.jpg,94
1767275.jpg,94
0673356.jpg,94
1163473.jpg,94
0066980.jpg,94
0979658.jpg,94
1525894.jpg,94
1255662.jpg,94
0642069.jpg,94
2251723.jpg,94
0936156.jpg,94
0065431.jpg,94
1054221.jpg,94
1142348.jpg,94
0454760.jpg,94
1149058.jpg,94
1807121.jpg,94
1343264.jpg,94
0174870.jpg,94
1092262.jpg,94
0095325.jpg,94
2119896.jpg,94
1425386.jpg,94
0184349.jpg,94
0345877.jpg,94
0174021.jpg,94
0202465.jpg,94
0447764.jpg,94
0488490.jpg,94
0255288.jpg,94
1540063.jpg,94
0143371.jpg,94
1762143.jpg,94
1351194.jpg,94
1571407.jpg,94
1407502.jpg,94
1008788.jpg,94
2031661.jpg,94
0960098.jpg,94
1895028.jpg,94
1827565.jpg,94
1334600.jpg,94
0097765.jpg,94
0977245.jpg,94
0973105.jpg,94
0842128.jpg,94
0339425.jpg,94
1136122.jpg,94
2234631.jpg,45
1979606.jpg,45
0917341.jpg,45
1337461.jpg,45
0394078.jpg,45
0849350.jpg,45
2243380.jpg,45
0245920.jpg,45
1189525.jpg,45
2207336.jpg,45
1338551.jpg,45
1198137.jpg,45
2189858.jpg,45
0955449.jpg,45
1243371.jpg,45
0435289.jpg,45
0931743.jpg,45
1249564.jpg,45
1186595.jpg,45
2059195.jpg,45
1498555.jpg,45
0476813.jpg,45
2070642.jpg,45
2024691.jpg,45
0728571.jpg,45
0888030.jpg,45
0929800.jpg,45
1719820.jpg,45
0487399.jpg,45
1260949.jpg,45
2070772.jpg,45
1385344.jpg,45
1232502.jpg,45
0357866.jpg,45
1447976.jpg,45
1283832.jpg,45
0868107.jpg,45
0817449.jpg,45
0388910.jpg,45
0775040.jpg,45
1137743.jpg,45
0682207.jpg,45
1261955.jpg,45
1481647.jpg,45
2008022.jpg,45
0924100.jpg,45
0996983.jpg,45
0257606.jpg,45
0445396.jpg,45
1118181.jpg,45
0708643.jpg,45
1034320.jpg,45
0886623.jpg,45
1631148.jpg,45
0941235.jpg,45
0998884.jpg,45
0303915.jpg,45
1514228.jpg,45
2062292.jpg,45
1351411.jpg,45
1378004.jpg,45
2232483.jpg,45
2124077.jpg,45
0695983.jpg,45
1778108.jpg,45
1429288.jpg,45
0303917.jpg,45
1246713.jpg,45
1698615.jpg,45
1387820.jpg,45
1109944.jpg,45
1473973.jpg,45
0243476.jpg,45
0383407.jpg,45
1206458.jpg,45
1608287.jpg,45
1240500.jpg,45
2124891.jpg,45
0386926.jpg,45
0312400.jpg,45
0490833.jpg,45
0354453.jpg,45
0361101.jpg,45
2123149.jpg,45
1100466.jpg,45
0988559.jpg,45
0209760.jpg,45
0521261.jpg,45
1692500.jpg,45
2239753.jpg,45
1759327.jpg,45
1152155.jpg,45
1717925.jpg,45
0328525.jpg,45
1426526.jpg,45
1982724.jpg,45
0914134.jpg,45
1001818.jpg,45
0550295.jpg,45
0312421.jpg,45
